Location Type,Incident Zip,City,Borough,Latitude,Longitude,num_calls
Club/Bar/Restaurant,10012,NEW YORK,MANHATTAN,40.7297934835997,-73.9988418113143,"18"
Club/Bar/Restaurant,10034,NEW YORK,MANHATTAN,40.8663762558883,-73.9282581232273,"160"
Club/Bar/Restaurant,10029,NEW YORK,MANHATTAN,40.7918611552297,-73.9453915904407,"211"
Club/Bar/Restaurant,10002,NEW YORK,MANHATTAN,40.7187947216474,-73.9890116493445,"41"
Club/Bar/Restaurant,10034,NEW YORK,MANHATTAN,40.8695493398823,-73.9163483681302,"271"
Club/Bar/Restaurant,10013,NEW YORK,MANHATTAN,40.7227887783814,-74.0045961909659,"43"
Club/Bar/Restaurant,10003,NEW YORK,MANHATTAN,40.725810569583,-73.9919905756501,"42"
Club/Bar/Restaurant,10128,NEW YORK,MANHATTAN,40.7793338265134,-73.9506699474968,"16"
Club/Bar/Restaurant,10009,NEW YORK,MANHATTAN,40.7234936736955,-73.9882532526608,"1175"
Club/Bar/Restaurant,10009,NEW YORK,MANHATTAN,40.7232027319365,-73.9882785578958,"24"
Club/Bar/Restaurant,10040,NEW YORK,MANHATTAN,40.8643770322675,-73.9265357497056,"458"
Club/Bar/Restaurant,10011,NEW YORK,MANHATTAN,40.7425209081255,-74.0005196605319,"23"
Club/Bar/Restaurant,10033,NEW YORK,MANHATTAN,40.8471114498525,-73.9381824357717,"127"
Club/Bar/Restaurant,10009,NEW YORK,MANHATTAN,40.729531072185,-73.980415503171,"52"
Club/Bar/Restaurant,10036,NEW YORK,MANHATTAN,40.7608139358095,-73.9871890156066,"19"
Club/Bar/Restaurant,10036,NEW YORK,MANHATTAN,40.7612618988415,-73.9942712964463,"43"
Club/Bar/Restaurant,10016,NEW YORK,MANHATTAN,40.7475204988124,-73.9824023963286,"40"
Club/Bar/Restaurant,10013,NEW YORK,MANHATTAN,40.7227174204806,-74.0044482711091,"14"
Club/Bar/Restaurant,10016,NEW YORK,MANHATTAN,40.7486066822413,-73.9781036910149,"70"
Club/Bar/Restaurant,10034,NEW YORK,MANHATTAN,40.8621078121332,-73.9192860764304,"29"
Club/Bar/Restaurant,10034,NEW YORK,MANHATTAN,40.868139674,-73.9304183327833,"14"
Club/Bar/Restaurant,10019,NEW YORK,MANHATTAN,40.7644911420032,-73.9816506539404,"44"
Club/Bar/Restaurant,10003,NEW YORK,MANHATTAN,40.7325043091898,-73.9848382963625,"80"
Club/Bar/Restaurant,10027,NEW YORK,MANHATTAN,40.8198655651344,-73.9585233555893,"118"
Club/Bar/Restaurant,10014,NEW YORK,MANHATTAN,40.7324970584684,-74.0018329711023,"217"
Club/Bar/Restaurant,10017,NEW YORK,MANHATTAN,40.7552424616016,-73.9732756844059,"16"
Club/Bar/Restaurant,10036,NEW YORK,MANHATTAN,40.76035852253,-73.9892863506163,"42"
Club/Bar/Restaurant,10002,NEW YORK,MANHATTAN,40.7230655727897,-73.9890794914702,"98"
Club/Bar/Restaurant,10029,NEW YORK,MANHATTAN,40.7958551322693,-73.9355285213493,"148"
Club/Bar/Restaurant,10013,NEW YORK,MANHATTAN,40.719574756642,-73.9995057709603,"10"
Club/Bar/Restaurant,10009,NEW YORK,MANHATTAN,40.7248371631877,-73.9783207529914,"127"
Club/Bar/Restaurant,10011,NEW YORK,MANHATTAN,40.7429490361902,-73.9964670074299,"85"
Club/Bar/Restaurant,10003,NEW YORK,MANHATTAN,40.7323478714449,-73.9849393616359,"41"
Club/Bar/Restaurant,10013,NEW YORK,MANHATTAN,40.7199260865201,-74.0002886024204,"55"
Club/Bar/Restaurant,10010,NEW YORK,MANHATTAN,40.7409149578675,-73.9920825852292,"40"
Club/Bar/Restaurant,10018,NEW YORK,MANHATTAN,40.750073652259,-73.9863681919089,"30"
Club/Bar/Restaurant,10028,NEW YORK,MANHATTAN,40.7775608766442,-73.9510214942763,"22"
Club/Bar/Restaurant,10002,NEW YORK,MANHATTAN,40.721144587541,-73.9937011370085,"87"
Club/Bar/Restaurant,10018,NEW YORK,MANHATTAN,40.7561292284094,-73.9942970043044,"16"
Club/Bar/Restaurant,10019,NEW YORK,MANHATTAN,40.7657901640661,-73.9872819187916,"60"
Club/Bar/Restaurant,10016,NEW YORK,MANHATTAN,40.7493447919428,-73.976937701529,"48"
Club/Bar/Restaurant,10014,NEW YORK,MANHATTAN,40.7327220963109,-74.0032762664999,"31"
Club/Bar/Restaurant,10028,NEW YORK,MANHATTAN,40.7768094520052,-73.9525348935824,"11"
Club/Bar/Restaurant,10034,NEW YORK,MANHATTAN,40.8672096874777,-73.9225338534853,"141"
Club/Bar/Restaurant,10034,NEW YORK,MANHATTAN,40.8676918602251,-73.9212136168086,"16"
Club/Bar/Restaurant,10009,NEW YORK,MANHATTAN,40.7259112432153,-73.9836492044371,"32"
Club/Bar/Restaurant,10001,NEW YORK,MANHATTAN,40.749288423791,-73.9845421376926,"63"
Club/Bar/Restaurant,10012,NEW YORK,MANHATTAN,40.7270761808586,-74.0001840037833,"40"
Club/Bar/Restaurant,10011,NEW YORK,MANHATTAN,40.7391530940071,-74.0011258742408,"76"
Club/Bar/Restaurant,10016,NEW YORK,MANHATTAN,40.7419561205935,-73.9779290492731,"13"
Club/Bar/Restaurant,10038,NEW YORK,MANHATTAN,40.7060759427853,-74.0042018995466,"17"
Club/Bar/Restaurant,10016,NEW YORK,MANHATTAN,40.7435960016098,-73.9860086360972,"40"
Club/Bar/Restaurant,10034,NEW YORK,MANHATTAN,40.8694177621142,-73.9165799347365,"28"
Club/Bar/Restaurant,10034,NEW YORK,MANHATTAN,40.863851956918,-73.9252311923814,"194"
Club/Bar/Restaurant,10012,NEW YORK,MANHATTAN,40.7267083506337,-74.0027564336186,"14"
Club/Bar/Restaurant,10009,NEW YORK,MANHATTAN,40.7302944096577,-73.9822373651092,"66"
Club/Bar/Restaurant,10022,NEW YORK,MANHATTAN,40.7568602618822,-73.967095518665,"44"
Club/Bar/Restaurant,10011,NEW YORK,MANHATTAN,40.7391366258769,-74.0010861796882,"49"
Club/Bar/Restaurant,10002,NEW YORK,MANHATTAN,40.7152212700387,-73.9917140879138,"184"
Club/Bar/Restaurant,10030,NEW YORK,MANHATTAN,40.8172675513746,-73.942256502516,"120"
Club/Bar/Restaurant,10009,NEW YORK,MANHATTAN,40.7289488178831,-73.9783699276266,"62"
Club/Bar/Restaurant,10014,NEW YORK,MANHATTAN,40.7343497427491,-74.0030093315036,"301"
Club/Bar/Restaurant,10024,NEW YORK,MANHATTAN,40.7853604208382,-73.9729819318612,"186"
Club/Bar/Restaurant,10003,NEW YORK,MANHATTAN,40.7296035005476,-73.9882377434201,"183"
Club/Bar/Restaurant,10034,NEW YORK,MANHATTAN,40.8658735996543,-73.9276548855531,"126"
Club/Bar/Restaurant,10038,NEW YORK,MANHATTAN,40.7058646109269,-74.0037690739103,"20"
Club/Bar/Restaurant,10036,NEW YORK,MANHATTAN,40.7602541995293,-73.9890445165246,"11"
Club/Bar/Restaurant,10001,NEW YORK,MANHATTAN,40.7504525330614,-73.9872920653301,"15"
Club/Bar/Restaurant,10022,NEW YORK,MANHATTAN,40.7581598971345,-73.9625937038621,"92"
Club/Bar/Restaurant,10029,NEW YORK,MANHATTAN,40.7957867598984,-73.9467607941624,"11"
Club/Bar/Restaurant,10026,NEW YORK,MANHATTAN,40.8028530310631,-73.9565003862144,"91"
Club/Bar/Restaurant,10012,NEW YORK,MANHATTAN,40.7295190137195,-73.9998123814218,"120"
Club/Bar/Restaurant,10003,NEW YORK,MANHATTAN,40.7332157577028,-73.9899221584309,"65"
Club/Bar/Restaurant,10009,NEW YORK,MANHATTAN,40.7238691768774,-73.983884208796,"40"
Club/Bar/Restaurant,10009,NEW YORK,MANHATTAN,40.7227741924947,-73.9851796323101,"26"
Club/Bar/Restaurant,10003,NEW YORK,MANHATTAN,40.7368386308598,-73.9878359287041,"24"
Club/Bar/Restaurant,10001,NEW YORK,MANHATTAN,40.750543799133,-73.998365037696,"10"
Club/Bar/Restaurant,10014,NEW YORK,MANHATTAN,40.7341628622103,-74.0079815619,"57"
Club/Bar/Restaurant,10016,NEW YORK,MANHATTAN,40.7440954981122,-73.9856187765839,"38"
Club/Bar/Restaurant,10026,NEW YORK,MANHATTAN,40.8045241112228,-73.9553036838302,"12"
Club/Bar/Restaurant,10002,NEW YORK,MANHATTAN,40.7213641067029,-73.9926621251268,"78"
Club/Bar/Restaurant,10040,NEW YORK,MANHATTAN,40.8535983727613,-73.9306142841621,"18"
Club/Bar/Restaurant,10034,NEW YORK,MANHATTAN,40.8661834400147,-73.9189304294535,"87"
Club/Bar/Restaurant,10034,NEW YORK,MANHATTAN,40.8692067049456,-73.9169743032254,"30"
Club/Bar/Restaurant,10034,NEW YORK,MANHATTAN,40.865920293467,-73.9277090665256,"117"
Club/Bar/Restaurant,10012,NEW YORK,MANHATTAN,40.7297495726895,-73.9996139373592,"41"
Club/Bar/Restaurant,10012,NEW YORK,MANHATTAN,40.7293378553788,-74.0010318993747,"99"
Club/Bar/Restaurant,10002,NEW YORK,MANHATTAN,40.7189232090767,-73.9845203205241,"57"
Club/Bar/Restaurant,10014,NEW YORK,MANHATTAN,40.7295958323718,-74.0028251060786,"25"
Club/Bar/Restaurant,10012,NEW YORK,MANHATTAN,40.7212050974208,-73.9967062616672,"52"
Club/Bar/Restaurant,10011,NEW YORK,MANHATTAN,40.7417331245978,-74.003081839215,"91"
Club/Bar/Restaurant,10128,NEW YORK,MANHATTAN,40.781242078981,-73.9522392547432,"14"
Club/Bar/Restaurant,10009,NEW YORK,MANHATTAN,40.7263065533457,-73.9841145234126,"11"
Club/Bar/Restaurant,10016,NEW YORK,MANHATTAN,40.7450578162646,-73.9786064932781,"13"
Club/Bar/Restaurant,10013,NEW YORK,MANHATTAN,40.7146149753374,-73.9995959888068,"74"
Club/Bar/Restaurant,10034,NEW YORK,MANHATTAN,40.8656453342985,-73.9269320465963,"26"
Club/Bar/Restaurant,10002,NEW YORK,MANHATTAN,40.7182348188679,-73.9893111590701,"40"
Club/Bar/Restaurant,10012,NEW YORK,MANHATTAN,40.7291676789951,-74.0011906500841,"15"
Club/Bar/Restaurant,10014,NEW YORK,MANHATTAN,40.7401136083193,-74.0059614457069,"110"
Club/Bar/Restaurant,10009,NEW YORK,MANHATTAN,40.7248893060959,-73.9782810502396,"88"
Club/Bar/Restaurant,10128,NEW YORK,MANHATTAN,40.7813176409234,-73.9492205241483,"35"
Club/Bar/Restaurant,10014,NEW YORK,MANHATTAN,40.7394109799958,-74.0053912263692,"16"
Club/Bar/Restaurant,10011,NEW YORK,MANHATTAN,40.7420350765133,-73.998343594133,"24"
Club/Bar/Restaurant,10009,NEW YORK,MANHATTAN,40.725534233198,-73.9778046059726,"54"
Club/Bar/Restaurant,10031,NEW YORK,MANHATTAN,40.8292566323759,-73.9483745237665,"20"
Club/Bar/Restaurant,10002,NEW YORK,MANHATTAN,40.7188496362799,-73.9892172661958,"38"
Club/Bar/Restaurant,10028,NEW YORK,MANHATTAN,40.7785017087105,-73.9563249266804,"151"
Club/Bar/Restaurant,10034,NEW YORK,MANHATTAN,40.8679793899705,-73.9202479206754,"42"
Club/Bar/Restaurant,10031,NEW YORK,MANHATTAN,40.822830514289,-73.953069325416,"60"
Club/Bar/Restaurant,10014,NEW YORK,MANHATTAN,40.7394548671745,-74.0059758211174,"12"
Club/Bar/Restaurant,10019,NEW YORK,MANHATTAN,40.7651644123274,-73.9877368958439,"17"
Club/Bar/Restaurant,10019,NEW YORK,MANHATTAN,40.7656803831518,-73.9873613599446,"55"
Club/Bar/Restaurant,10016,NEW YORK,MANHATTAN,40.742587862274,-73.9804116651012,"98"
Club/Bar/Restaurant,10032,NEW YORK,MANHATTAN,40.8414505467222,-73.9357734631567,"21"
Club/Bar/Restaurant,10031,NEW YORK,MANHATTAN,40.8241542096647,-73.9483820955571,"24"
Club/Bar/Restaurant,10002,NEW YORK,MANHATTAN,40.7181745277352,-73.9903717547682,"12"
Club/Bar/Restaurant,10001,NEW YORK,MANHATTAN,40.7458664850854,-73.9920495163664,"10"
Club/Bar/Restaurant,10021,NEW YORK,MANHATTAN,40.7711623943529,-73.9566293953827,"35"
Club/Bar/Restaurant,10016,NEW YORK,MANHATTAN,40.7413501290092,-73.9813105929013,"18"
Club/Bar/Restaurant,10025,NEW YORK,MANHATTAN,40.7951363096981,-73.9695938894286,"41"
Club/Bar/Restaurant,10026,NEW YORK,MANHATTAN,40.8027515129835,-73.9565979770834,"22"
Club/Bar/Restaurant,10033,NEW YORK,MANHATTAN,40.8470620412915,-73.938175252836,"33"
Club/Bar/Restaurant,10036,NEW YORK,MANHATTAN,40.7636224813307,-73.9970146151548,"202"
Club/Bar/Restaurant,10034,NEW YORK,MANHATTAN,40.8693190628289,-73.9167319152901,"10"
Club/Bar/Restaurant,10034,NEW YORK,MANHATTAN,40.8652287842397,-73.9196438298233,"55"
Club/Bar/Restaurant,10001,NEW YORK,MANHATTAN,40.7506617837374,-74.0034323441616,"10"
Club/Bar/Restaurant,10012,NEW YORK,MANHATTAN,40.7205352997545,-73.9946644139776,"29"
Club/Bar/Restaurant,10023,NEW YORK,MANHATTAN,40.776836566732,-73.979217309221,"14"
Club/Bar/Restaurant,10012,NEW YORK,MANHATTAN,40.7267437648855,-73.9916801841479,"44"
Club/Bar/Restaurant,10001,NEW YORK,MANHATTAN,40.7488301770722,-73.9855130907178,"10"
Club/Bar/Restaurant,10014,NEW YORK,MANHATTAN,40.7397156496254,-74.0053443391989,"22"
Club/Bar/Restaurant,10016,NEW YORK,MANHATTAN,40.7408918112758,-73.9816571533556,"36"
Club/Bar/Restaurant,10033,NEW YORK,MANHATTAN,40.8468109759874,-73.935800817213,"14"
Club/Bar/Restaurant,10009,NEW YORK,MANHATTAN,40.7258772753339,-73.9775339027806,"14"
Club/Bar/Restaurant,10033,NEW YORK,MANHATTAN,40.8467257894148,-73.935620179036,"11"
Club/Bar/Restaurant,10003,NEW YORK,MANHATTAN,40.7305143438419,-73.9847016411995,"32"
Club/Bar/Restaurant,10024,NEW YORK,MANHATTAN,40.784175683424,-73.9775864522688,"37"
Club/Bar/Restaurant,10002,NEW YORK,MANHATTAN,40.7196596366723,-73.993069962078,"62"
Club/Bar/Restaurant,10011,NEW YORK,MANHATTAN,40.7446206117313,-74.0026922151021,"11"
Club/Bar/Restaurant,10028,NEW YORK,MANHATTAN,40.7762371266009,-73.9558678681301,"23"
Club/Bar/Restaurant,10009,NEW YORK,MANHATTAN,40.7257979846742,-73.9791682847592,"41"
Club/Bar/Restaurant,10012,NEW YORK,MANHATTAN,40.7287093106803,-74.0002417363846,"34"
Club/Bar/Restaurant,10040,NEW YORK,MANHATTAN,40.8570111489047,-73.9324868916143,"147"
Club/Bar/Restaurant,10065,NEW YORK,MANHATTAN,40.7616779457909,-73.960458341026,"11"
Club/Bar/Restaurant,10014,NEW YORK,MANHATTAN,40.7342672714369,-74.0062207207366,"17"
Club/Bar/Restaurant,10026,NEW YORK,MANHATTAN,40.804441408652,-73.947906135372,"12"
Club/Bar/Restaurant,10019,NEW YORK,MANHATTAN,40.763347526209,-73.9890584472401,"51"
Club/Bar/Restaurant,10021,NEW YORK,MANHATTAN,40.7662766770961,-73.9564195845347,"39"
Club/Bar/Restaurant,10033,NEW YORK,MANHATTAN,40.8520582775688,-73.9347764078083,"86"
Club/Bar/Restaurant,10019,NEW YORK,MANHATTAN,40.7632487223186,-73.9891306610074,"16"
Club/Bar/Restaurant,10002,NEW YORK,MANHATTAN,40.7161350916625,-73.9894666107807,"44"
Club/Bar/Restaurant,10002,NEW YORK,MANHATTAN,40.7223957459551,-73.9880153403573,"22"
Club/Bar/Restaurant,10009,NEW YORK,MANHATTAN,40.7298220770627,-73.9807762242538,"16"
Club/Bar/Restaurant,10019,NEW YORK,MANHATTAN,40.7638580127044,-73.9886901525754,"14"
Club/Bar/Restaurant,10006,NEW YORK,MANHATTAN,40.7080815354216,-74.014445591483,"19"
Club/Bar/Restaurant,10012,NEW YORK,MANHATTAN,40.7259782705899,-74.0013349074158,"43"
Club/Bar/Restaurant,10003,NEW YORK,MANHATTAN,40.7326034596046,-73.9876815485125,"11"
Club/Bar/Restaurant,10019,NEW YORK,MANHATTAN,40.7643047204877,-73.983094678933,"53"
Club/Bar/Restaurant,10012,NEW YORK,MANHATTAN,40.7211034414107,-73.9941809508984,"50"
Club/Bar/Restaurant,10025,NEW YORK,MANHATTAN,40.8018907702253,-73.9684241369187,"144"
Club/Bar/Restaurant,10027,NEW YORK,MANHATTAN,40.8145355413529,-73.9591444420675,"184"
Club/Bar/Restaurant,10002,NEW YORK,MANHATTAN,40.7183940051713,-73.9892065175673,"26"
Club/Bar/Restaurant,10019,NEW YORK,MANHATTAN,40.7622605032308,-73.988004557424,"102"
Club/Bar/Restaurant,10075,NEW YORK,MANHATTAN,40.7730342296856,-73.9564259934855,"30"
Club/Bar/Restaurant,10033,NEW YORK,MANHATTAN,40.8468245665017,-73.9355622528246,"66"
Club/Bar/Restaurant,10032,NEW YORK,MANHATTAN,40.8441385735158,-73.9375165589685,"15"
Club/Bar/Restaurant,10011,NEW YORK,MANHATTAN,40.7426883384828,-74.0003717025646,"130"
Club/Bar/Restaurant,10022,NEW YORK,MANHATTAN,40.7567642122966,-73.9671533185217,"44"
Club/Bar/Restaurant,10019,NEW YORK,MANHATTAN,40.7680459235347,-73.9839385013018,"26"
Club/Bar/Restaurant,10001,NEW YORK,MANHATTAN,40.7490861878037,-73.9938933869927,"36"
Club/Bar/Restaurant,10019,NEW YORK,MANHATTAN,40.7612118911073,-73.9869001577502,"53"
Club/Bar/Restaurant,10002,NEW YORK,MANHATTAN,40.7152734184142,-73.9916852232033,"40"
Club/Bar/Restaurant,10009,NEW YORK,MANHATTAN,40.7223155480125,-73.9832135597893,"10"
Club/Bar/Restaurant,10003,NEW YORK,MANHATTAN,40.7378762159079,-73.9885033121798,"12"
Club/Bar/Restaurant,10009,NEW YORK,MANHATTAN,40.7274951969962,-73.9853517635075,"32"
Club/Bar/Restaurant,10011,NEW YORK,MANHATTAN,40.7387743235909,-74.0001840360893,"32"
Club/Bar/Restaurant,10023,NEW YORK,MANHATTAN,40.7775831370343,-73.9792279081768,"24"
Club/Bar/Restaurant,10009,NEW YORK,MANHATTAN,40.726053954119,-73.983533717837,"15"
Club/Bar/Restaurant,10009,NEW YORK,MANHATTAN,40.7247306646949,-73.9814523497323,"68"
Club/Bar/Restaurant,10002,NEW YORK,MANHATTAN,40.7221652011926,-73.9881596878753,"72"
Club/Bar/Restaurant,10013,NEW YORK,MANHATTAN,40.7157427776914,-74.008242689272,"26"
Club/Bar/Restaurant,10003,NEW YORK,MANHATTAN,40.7324003650326,-73.9878439553108,"28"
Club/Bar/Restaurant,10027,NEW YORK,MANHATTAN,40.8085461368469,-73.9449371962868,"57"
Club/Bar/Restaurant,10003,NEW YORK,MANHATTAN,40.7284475395598,-73.9846768597357,"82"
Club/Bar/Restaurant,10014,NEW YORK,MANHATTAN,40.7331091031093,-74.0033989658234,"20"
Club/Bar/Restaurant,10019,NEW YORK,MANHATTAN,40.7638606790194,-73.9879176313883,"18"
Club/Bar/Restaurant,10012,NEW YORK,MANHATTAN,40.7214108917573,-73.9949745983936,"22"
Club/Bar/Restaurant,10009,NEW YORK,MANHATTAN,40.7222742008498,-73.9820482968537,"15"
Club/Bar/Restaurant,10014,NEW YORK,MANHATTAN,40.740368878498,-74.0057990798759,"21"
Club/Bar/Restaurant,10033,NEW YORK,MANHATTAN,40.8523710897458,-73.9346278977636,"100"
Club/Bar/Restaurant,10016,NEW YORK,MANHATTAN,40.7455571979176,-73.9777474103677,"55"
Club/Bar/Restaurant,10025,NEW YORK,MANHATTAN,40.7989221349304,-73.963087287577,"257"
Club/Bar/Restaurant,10019,NEW YORK,MANHATTAN,40.7623347844383,-73.9898022380257,"91"
Club/Bar/Restaurant,10002,NEW YORK,MANHATTAN,40.7176305499956,-73.98546215373,"10"
Club/Bar/Restaurant,10009,NEW YORK,MANHATTAN,40.7256879172743,-73.9776891038345,"70"
Club/Bar/Restaurant,10016,NEW YORK,MANHATTAN,40.7416602493394,-73.9810867660644,"10"
Club/Bar/Restaurant,10010,NEW YORK,MANHATTAN,40.7383150519019,-73.9856164157106,"41"
Club/Bar/Restaurant,10011,NEW YORK,MANHATTAN,40.7399133930354,-74.0007902861293,"29"
Club/Bar/Restaurant,10012,NEW YORK,MANHATTAN,40.7287943975381,-74.000436569252,"23"
Club/Bar/Restaurant,10002,NEW YORK,MANHATTAN,40.7153199352694,-73.989885184197,"62"
Club/Bar/Restaurant,10019,NEW YORK,MANHATTAN,40.7656826599962,-73.9836430505048,"44"
Club/Bar/Restaurant,10002,NEW YORK,MANHATTAN,40.7211500770584,-73.9937011364897,"47"
Club/Bar/Restaurant,10014,NEW YORK,MANHATTAN,40.7350604822758,-74.0066321466503,"33"
Club/Bar/Restaurant,10128,NEW YORK,MANHATTAN,40.7790292549603,-73.9508904278344,"17"
Club/Bar/Restaurant,10021,NEW YORK,MANHATTAN,40.7684858425871,-73.9555011579943,"28"
Club/Bar/Restaurant,10012,NEW YORK,MANHATTAN,40.7211171670219,-73.9942170256473,"55"
Club/Bar/Restaurant,10018,NEW YORK,MANHATTAN,40.7517724318055,-73.9846281834066,"24"
Club/Bar/Restaurant,10014,NEW YORK,MANHATTAN,40.7400230643062,-74.0052902345813,"18"
Club/Bar/Restaurant,10019,NEW YORK,MANHATTAN,40.7633829640308,-73.9867372859525,"16"
Club/Bar/Restaurant,10011,NEW YORK,MANHATTAN,40.7403303524401,-73.9924796045556,"18"
Club/Bar/Restaurant,10029,NEW YORK,MANHATTAN,40.7933957440521,-73.940424502344,"46"
Club/Bar/Restaurant,10019,NEW YORK,MANHATTAN,40.765501986397,-73.9874660837673,"45"
Club/Bar/Restaurant,10027,NEW YORK,MANHATTAN,40.820005671271,-73.9588737249963,"76"
Club/Bar/Restaurant,10036,NEW YORK,MANHATTAN,40.7643168626059,-73.9957835963077,"14"
Club/Bar/Restaurant,10014,NEW YORK,MANHATTAN,40.729079800001,-74.003492568975,"10"
Club/Bar/Restaurant,10003,NEW YORK,MANHATTAN,40.7375333648939,-73.9912710782482,"47"
Club/Bar/Restaurant,10033,NEW YORK,MANHATTAN,40.8518041193785,-73.9319282861417,"250"
Club/Bar/Restaurant,10002,NEW YORK,MANHATTAN,40.720727020342,-73.9888886732544,"49"
Club/Bar/Restaurant,10001,NEW YORK,MANHATTAN,40.7457892844205,-73.9880291767141,"20"
Club/Bar/Restaurant,10009,NEW YORK,MANHATTAN,40.729526118679,-73.9838720165653,"21"
Club/Bar/Restaurant,10025,NEW YORK,MANHATTAN,40.8029280409125,-73.9675748180797,"61"
Club/Bar/Restaurant,10003,NEW YORK,MANHATTAN,40.7388808483117,-73.9890480308733,"27"
Club/Bar/Restaurant,10009,NEW YORK,MANHATTAN,40.722019147551,-73.9834445236372,"10"
Club/Bar/Restaurant,10003,NEW YORK,MANHATTAN,40.7264279856787,-73.9900169898556,"13"
Club/Bar/Restaurant,10002,NEW YORK,MANHATTAN,40.7183833098383,-73.9928464330886,"30"
Club/Bar/Restaurant,10022,NEW YORK,MANHATTAN,40.7555046310813,-73.9680671323382,"17"
Club/Bar/Restaurant,10034,NEW YORK,MANHATTAN,40.8662004715824,-73.9280594622068,"98"
Club/Bar/Restaurant,10009,NEW YORK,MANHATTAN,40.7278519814983,-73.9850883040474,"12"
Club/Bar/Restaurant,10001,NEW YORK,MANHATTAN,40.7439173481526,-73.98786711574,"53"
Club/Bar/Restaurant,10002,NEW YORK,MANHATTAN,40.7193377218336,-73.9849278715759,"18"
Club/Bar/Restaurant,10003,NEW YORK,MANHATTAN,40.7342836634039,-73.9924947202319,"14"
Club/Bar/Restaurant,10040,NEW YORK,MANHATTAN,40.8565035398347,-73.9327621422691,"28"
Club/Bar/Restaurant,10002,NEW YORK,MANHATTAN,40.7222476176213,-73.9888992427031,"33"
Club/Bar/Restaurant,10002,NEW YORK,MANHATTAN,40.7215586745335,-73.9888091669892,"28"
Club/Bar/Restaurant,10027,NEW YORK,MANHATTAN,40.8111942181013,-73.9437428877334,"11"
Club/Bar/Restaurant,10026,NEW YORK,MANHATTAN,40.8044198368773,-73.9553687718313,"20"
Club/Bar/Restaurant,10013,NEW YORK,MANHATTAN,40.7144475304536,-73.9981314529256,"42"
Club/Bar/Restaurant,10009,NEW YORK,MANHATTAN,40.7240824548664,-73.9788585540474,"20"
Club/Bar/Restaurant,10036,NEW YORK,MANHATTAN,40.7634685904782,-73.9928163214986,"95"
Club/Bar/Restaurant,10002,NEW YORK,MANHATTAN,40.7215365957585,-73.9876294797857,"30"
Club/Bar/Restaurant,10013,NEW YORK,MANHATTAN,40.7145024256179,-73.9981278441499,"12"
Club/Bar/Restaurant,10022,NEW YORK,MANHATTAN,40.7572476049631,-73.968286479414,"12"
Club/Bar/Restaurant,10002,NEW YORK,MANHATTAN,40.7222859616199,-73.9880730826281,"12"
Club/Bar/Restaurant,10040,NEW YORK,MANHATTAN,40.8604995399073,-73.9277511104033,"10"
Club/Bar/Restaurant,10036,NEW YORK,MANHATTAN,40.7597902259997,-73.9879255891346,"11"
Club/Bar/Restaurant,10002,NEW YORK,MANHATTAN,40.7175706916455,-73.9905053159014,"75"
Club/Bar/Restaurant,10026,NEW YORK,MANHATTAN,40.8064942481299,-73.9538430228941,"28"
Club/Bar/Restaurant,10003,NEW YORK,MANHATTAN,40.724734212918,-73.9873907720528,"23"
Club/Bar/Restaurant,10002,NEW YORK,MANHATTAN,40.7188192289511,-73.9871249382967,"78"
Club/Bar/Restaurant,10031,NEW YORK,MANHATTAN,40.8273249855247,-73.9498069105027,"27"
Club/Bar/Restaurant,10009,NEW YORK,MANHATTAN,40.7282193323549,-73.9819673197728,"11"
Club/Bar/Restaurant,10040,NEW YORK,MANHATTAN,40.8632382288711,-73.9269238454149,"24"
Club/Bar/Restaurant,10021,NEW YORK,MANHATTAN,40.7707535447072,-73.9569401460698,"57"
Club/Bar/Restaurant,10026,NEW YORK,MANHATTAN,40.8015048059766,-73.9484718980739,"16"
Club/Bar/Restaurant,10002,NEW YORK,MANHATTAN,40.7219210956501,-73.9900393107836,"45"
Club/Bar/Restaurant,10009,NEW YORK,MANHATTAN,40.7302175206591,-73.9820064680061,"12"
Club/Bar/Restaurant,10011,NEW YORK,MANHATTAN,40.7395427872235,-73.9960702428857,"15"
Club/Bar/Restaurant,10012,NEW YORK,MANHATTAN,40.7297138891165,-74.0007432603871,"125"
Club/Bar/Restaurant,10036,NEW YORK,MANHATTAN,40.7605832295011,-73.9859220439239,"319"
Club/Bar/Restaurant,10023,NEW YORK,MANHATTAN,40.7781103362599,-73.9804264903218,"11"
Club/Bar/Restaurant,10009,NEW YORK,MANHATTAN,40.7298687324784,-73.9807437381771,"17"
Club/Bar/Restaurant,10002,NEW YORK,MANHATTAN,40.7199007314594,-73.9877416168163,"14"
Club/Bar/Restaurant,10065,NEW YORK,MANHATTAN,40.7614886092421,-73.9606064544806,"10"
Club/Bar/Restaurant,10034,NEW YORK,MANHATTAN,40.8657335157893,-73.9274887276537,"63"
Club/Bar/Restaurant,10023,NEW YORK,MANHATTAN,40.7774101403837,-73.9787982954369,"11"
Club/Bar/Restaurant,10002,NEW YORK,MANHATTAN,40.7212237970249,-73.9886360583943,"29"
Club/Bar/Restaurant,10019,NEW YORK,MANHATTAN,40.7610362406184,-73.9870157045174,"43"
Club/Bar/Restaurant,10032,NEW YORK,MANHATTAN,40.8427685235741,-73.936708266628,"29"
Club/Bar/Restaurant,10014,NEW YORK,MANHATTAN,40.7303945683397,-74.0022767091991,"13"
Club/Bar/Restaurant,10009,NEW YORK,MANHATTAN,40.7298190077629,-73.978921679257,"25"
Club/Bar/Restaurant,10016,NEW YORK,MANHATTAN,40.745210216669,-73.9724604884766,"22"
Club/Bar/Restaurant,10033,NEW YORK,MANHATTAN,40.8442006764512,-73.9356515369972,"10"
Club/Bar/Restaurant,10003,NEW YORK,MANHATTAN,40.7234140841545,-73.9883362442285,"21"
Club/Bar/Restaurant,10009,NEW YORK,MANHATTAN,40.7270661703141,-73.9797740183612,"21"
Club/Bar/Restaurant,10012,NEW YORK,MANHATTAN,40.7212489331633,-73.9945813820024,"14"
Club/Bar/Restaurant,10003,NEW YORK,MANHATTAN,40.7267792204431,-73.9889850774765,"11"
Club/Bar/Restaurant,10031,NEW YORK,MANHATTAN,40.8257271200195,-73.9488036276214,"23"
Club/Bar/Restaurant,10002,NEW YORK,MANHATTAN,40.7170849426406,-73.9914433029872,"32"
Club/Bar/Restaurant,10011,NEW YORK,MANHATTAN,40.7330679693113,-73.9982933016543,"30"
Club/Bar/Restaurant,10003,NEW YORK,MANHATTAN,40.7278193599956,-73.9877654158862,"24"
Club/Bar/Restaurant,10128,NEW YORK,MANHATTAN,40.7808402109107,-73.949571138857,"70"
Club/Bar/Restaurant,10032,NEW YORK,MANHATTAN,40.8427081638128,-73.9367516943297,"728"
Club/Bar/Restaurant,10023,NEW YORK,MANHATTAN,40.7776133343382,-73.9792567840017,"15"
Club/Bar/Restaurant,10022,NEW YORK,MANHATTAN,40.7563306337549,-73.9674747780125,"31"
Club/Bar/Restaurant,10019,NEW YORK,MANHATTAN,40.7657348044371,-73.9836033275709,"228"
Club/Bar/Restaurant,10022,NEW YORK,MANHATTAN,40.7592924284649,-73.9682457995388,"13"
Club/Bar/Restaurant,10012,NEW YORK,MANHATTAN,40.7228244168823,-73.9944225156714,"54"
Club/Bar/Restaurant,10002,NEW YORK,MANHATTAN,40.7193687009955,-73.9932178998333,"59"
Club/Bar/Restaurant,10002,NEW YORK,MANHATTAN,40.7210091659663,-73.984079710178,"18"
Club/Bar/Restaurant,10009,NEW YORK,MANHATTAN,40.7271272464858,-73.9841937020221,"11"
Club/Bar/Restaurant,10016,NEW YORK,MANHATTAN,40.7438043044933,-73.9837386425188,"34"
Club/Bar/Restaurant,10024,NEW YORK,MANHATTAN,40.785912023512,-73.9726061530322,"61"
Club/Bar/Restaurant,10026,NEW YORK,MANHATTAN,40.8063543119982,-73.9539550986019,"17"
Club/Bar/Restaurant,10028,NEW YORK,MANHATTAN,40.7766624372577,-73.9555462424682,"11"
Club/Bar/Restaurant,10019,NEW YORK,MANHATTAN,40.7604566827095,-73.9837309672876,"14"
Club/Bar/Restaurant,10013,NEW YORK,MANHATTAN,40.7163986661383,-74.0096496327318,"13"
Club/Bar/Restaurant,10029,NEW YORK,MANHATTAN,40.7956499282256,-73.9367025013626,"26"
Club/Bar/Restaurant,10033,NEW YORK,MANHATTAN,40.8546560245948,-73.9370403642827,"22"
Club/Bar/Restaurant,10031,NEW YORK,MANHATTAN,40.8238229386433,-73.9442886382493,"21"
Club/Bar/Restaurant,10014,NEW YORK,MANHATTAN,40.7352416674249,-74.006062043889,"38"
Club/Bar/Restaurant,10014,NEW YORK,MANHATTAN,40.7381536561264,-74.0090249014229,"28"
Club/Bar/Restaurant,10002,NEW YORK,MANHATTAN,40.7210013943032,-73.9878785027327,"24"
Club/Bar/Restaurant,10040,NEW YORK,MANHATTAN,40.8573431559179,-73.9323130353164,"29"
Club/Bar/Restaurant,10012,NEW YORK,MANHATTAN,40.7247594118762,-73.993311153821,"13"
Club/Bar/Restaurant,10019,NEW YORK,MANHATTAN,40.763910159255,-73.9886540445939,"68"
Club/Bar/Restaurant,10032,NEW YORK,MANHATTAN,40.8385360150951,-73.9415947569989,"40"
Club/Bar/Restaurant,10013,NEW YORK,MANHATTAN,40.7188309018448,-73.9975505272073,"24"
Club/Bar/Restaurant,10009,NEW YORK,MANHATTAN,40.7240937576456,-73.9807021137549,"25"
Club/Bar/Restaurant,10025,NEW YORK,MANHATTAN,40.7936599233483,-73.9706671869647,"106"
Club/Bar/Restaurant,10014,NEW YORK,MANHATTAN,40.7339463022433,-74.0004835107672,"27"
Club/Bar/Restaurant,10018,NEW YORK,MANHATTAN,40.7566781801042,-73.9943511001152,"24"
Club/Bar/Restaurant,10031,NEW YORK,MANHATTAN,40.8210343476525,-73.9572436209097,"21"
Club/Bar/Restaurant,10009,NEW YORK,MANHATTAN,40.7244062902696,-73.9786095149869,"15"
Club/Bar/Restaurant,10002,NEW YORK,MANHATTAN,40.7199886008503,-73.9880951389545,"22"
Club/Bar/Restaurant,10019,NEW YORK,MANHATTAN,40.7605582746274,-73.9839908431067,"35"
Club/Bar/Restaurant,10021,NEW YORK,MANHATTAN,40.7683870653806,-73.9555878677318,"45"
Club/Bar/Restaurant,10012,NEW YORK,MANHATTAN,40.7213368561406,-73.9970886614575,"51"
Club/Bar/Restaurant,10014,NEW YORK,MANHATTAN,40.7338858885473,-74.0026340488069,"15"
Club/Bar/Restaurant,10002,NEW YORK,MANHATTAN,40.7211661620672,-73.9886865745854,"44"
Club/Bar/Restaurant,10025,NEW YORK,MANHATTAN,40.7992404536739,-73.9628704013317,"21"
Club/Bar/Restaurant,10003,NEW YORK,MANHATTAN,40.7318406303564,-73.9898610274223,"18"
Club/Bar/Restaurant,10017,NEW YORK,MANHATTAN,40.7540500420681,-73.9685262207075,"70"
Club/Bar/Restaurant,10009,NEW YORK,MANHATTAN,40.7240303091075,-73.9788838248575,"22"
Club/Bar/Restaurant,10033,NEW YORK,MANHATTAN,40.8519879204809,-73.9317690515046,"28"
Club/Bar/Restaurant,10002,NEW YORK,MANHATTAN,40.7214103438241,-73.9876944402113,"30"
Club/Bar/Restaurant,10075,NEW YORK,MANHATTAN,40.7707660720235,-73.9538497342477,"103"
Club/Bar/Restaurant,10036,NEW YORK,MANHATTAN,40.761810826835,-73.9938705615607,"30"
Club/Bar/Restaurant,10019,NEW YORK,MANHATTAN,40.7623245951809,-73.9764531002361,"132"
Club/Bar/Restaurant,10036,NEW YORK,MANHATTAN,40.7596260852079,-73.9954734607261,"20"
Club/Bar/Restaurant,10013,NEW YORK,MANHATTAN,40.7259313095431,-74.0084207343716,"32"
Club/Bar/Restaurant,10003,NEW YORK,MANHATTAN,40.731788464961,-73.9896914512527,"81"
Club/Bar/Restaurant,10033,NEW YORK,MANHATTAN,40.8486270928207,-73.9342412100782,"14"
Club/Bar/Restaurant,10040,NEW YORK,MANHATTAN,40.8632820546347,-73.9267828002469,"286"
Club/Bar/Restaurant,10014,NEW YORK,MANHATTAN,40.7340066878311,-74.0000541243887,"70"
Club/Bar/Restaurant,10003,NEW YORK,MANHATTAN,40.7360974803463,-73.987215418203,"70"
Club/Bar/Restaurant,10002,NEW YORK,MANHATTAN,40.7207874018979,-73.9888561949954,"20"
Club/Bar/Restaurant,10005,NEW YORK,MANHATTAN,40.7061909347226,-74.0091648456491,"26"
Club/Bar/Restaurant,10032,NEW YORK,MANHATTAN,40.8433297546651,-73.9391437191348,"20"
Club/Bar/Restaurant,10027,NEW YORK,MANHATTAN,40.8046773764759,-73.9477325687325,"19"
Club/Bar/Restaurant,10036,NEW YORK,MANHATTAN,40.7593404400474,-73.9919576664575,"21"
Club/Bar/Restaurant,10014,NEW YORK,MANHATTAN,40.7286048875634,-74.0053145841306,"10"
Club/Bar/Restaurant,10003,NEW YORK,MANHATTAN,40.7305831540785,-73.9862170304463,"24"
Club/Bar/Restaurant,10012,NEW YORK,MANHATTAN,40.726716318101,-73.9916910112681,"24"
Club/Bar/Restaurant,10012,NEW YORK,MANHATTAN,40.7292472830475,-74.0000649446276,"68"
Club/Bar/Restaurant,10002,NEW YORK,MANHATTAN,40.7214625799304,-73.9885241816619,"22"
Club/Bar/Restaurant,10031,NEW YORK,MANHATTAN,40.8225929716483,-73.9495250451555,"13"
Club/Bar/Restaurant,10040,NEW YORK,MANHATTAN,40.8571757800966,-73.9323999650772,"20"
Club/Bar/Restaurant,10009,NEW YORK,MANHATTAN,40.7298303143392,-73.9807942622101,"11"
Club/Bar/Restaurant,10002,NEW YORK,MANHATTAN,40.7228542719146,-73.9895701717694,"31"
Club/Bar/Restaurant,10007,NEW YORK,MANHATTAN,40.7140630209601,-74.0077086140302,"17"
Club/Bar/Restaurant,10033,NEW YORK,MANHATTAN,40.8504481863979,-73.9366611984916,"10"
Club/Bar/Restaurant,10024,NEW YORK,MANHATTAN,40.7867059483663,-73.9757150254468,"10"
Club/Bar/Restaurant,10002,NEW YORK,MANHATTAN,40.714076554705,-73.9898420863185,"12"
Club/Bar/Restaurant,10014,NEW YORK,MANHATTAN,40.7285472765619,-74.004647100096,"28"
Club/Bar/Restaurant,10075,NEW YORK,MANHATTAN,40.7724218791344,-73.9557079296367,"27"
Club/Bar/Restaurant,10012,NEW YORK,MANHATTAN,40.7222342894696,-73.9943323736785,"27"
Club/Bar/Restaurant,10011,NEW YORK,MANHATTAN,40.7387578550607,-74.0001948616934,"179"
Club/Bar/Restaurant,10003,NEW YORK,MANHATTAN,40.7247781889171,-73.987949971639,"11"
Club/Bar/Restaurant,10002,NEW YORK,MANHATTAN,40.7220578772019,-73.9857065078736,"42"
Club/Bar/Restaurant,10002,NEW YORK,MANHATTAN,40.7204222805838,-73.9881708201884,"38"
Club/Bar/Restaurant,10002,NEW YORK,MANHATTAN,40.7194259862865,-73.9887012999907,"10"
Club/Bar/Restaurant,10011,NEW YORK,MANHATTAN,40.7437174655976,-74.0059725946337,"28"
Club/Bar/Restaurant,10012,NEW YORK,MANHATTAN,40.7282756377018,-73.9993577791577,"37"
Club/Bar/Restaurant,10010,NEW YORK,MANHATTAN,40.7396439453799,-73.9896541498853,"22"
Club/Bar/Restaurant,10030,NEW YORK,MANHATTAN,40.8172264022973,-73.9422998918861,"46"
Club/Bar/Restaurant,10009,NEW YORK,MANHATTAN,40.7229276769812,-73.9835453133438,"61"
Club/Bar/Restaurant,10002,NEW YORK,MANHATTAN,40.7175761826516,-73.9905233521346,"18"
Club/Bar/Restaurant,10033,NEW YORK,MANHATTAN,40.8458189022648,-73.9385739876556,"64"
Club/Bar/Restaurant,10021,NEW YORK,MANHATTAN,40.7706629979752,-73.9570196307557,"44"
Club/Bar/Restaurant,10003,NEW YORK,MANHATTAN,40.7260299104521,-73.9890753978448,"20"
Club/Bar/Restaurant,10027,NEW YORK,MANHATTAN,40.8092101257427,-73.944448976981,"29"
Club/Bar/Restaurant,10016,NEW YORK,MANHATTAN,40.7436844012008,-73.9735942876895,"17"
Club/Bar/Restaurant,10029,NEW YORK,MANHATTAN,40.7975697868196,-73.9391024821749,"11"
Club/Bar/Restaurant,10003,NEW YORK,MANHATTAN,40.726392292507,-73.9898871115111,"18"
Club/Bar/Restaurant,10003,NEW YORK,MANHATTAN,40.7328860062921,-73.9862418117382,"19"
Club/Bar/Restaurant,10023,NEW YORK,MANHATTAN,40.7763892289303,-73.979520738328,"13"
Club/Bar/Restaurant,10025,NEW YORK,MANHATTAN,40.7997602337393,-73.9662074673285,"14"
Club/Bar/Restaurant,10002,NEW YORK,MANHATTAN,40.7189536047762,-73.9861148185936,"22"
Club/Bar/Restaurant,10014,NEW YORK,MANHATTAN,40.729329601632,-74.0023560496794,"23"
Club/Bar/Restaurant,10014,NEW YORK,MANHATTAN,40.7385327204637,-74.0038719609378,"51"
Club/Bar/Restaurant,10036,NEW YORK,MANHATTAN,40.7603887203993,-73.9893477110296,"11"
Club/Bar/Restaurant,10040,NEW YORK,MANHATTAN,40.862651831099,-73.9284682116247,"79"
Club/Bar/Restaurant,10034,NEW YORK,MANHATTAN,40.8655357589019,-73.9272684020271,"88"
Club/Bar/Restaurant,10025,NEW YORK,MANHATTAN,40.8000017219347,-73.9660448105813,"72"
Club/Bar/Restaurant,10001,NEW YORK,MANHATTAN,40.7455012070684,-73.9892598685464,"32"
Club/Bar/Restaurant,10024,NEW YORK,MANHATTAN,40.7887312456275,-73.9742625607508,"23"
Club/Bar/Restaurant,10028,NEW YORK,MANHATTAN,40.7775746141321,-73.9510539800576,"143"
Club/Bar/Restaurant,10025,NEW YORK,MANHATTAN,40.7985626632353,-73.963361983107,"20"
Club/Bar/Restaurant,10034,NEW YORK,MANHATTAN,40.868958854806,-73.9158320777164,"65"
Club/Bar/Restaurant,10032,NEW YORK,MANHATTAN,40.8390628027235,-73.9412075974499,"140"
Club/Bar/Restaurant,10011,NEW YORK,MANHATTAN,40.7440605128949,-74.0068098755938,"12"
Club/Bar/Restaurant,10011,NEW YORK,MANHATTAN,40.7442032466635,-74.0066944071487,"119"
Club/Bar/Restaurant,10036,NEW YORK,MANHATTAN,40.7605616733402,-73.9897230954111,"44"
Club/Bar/Restaurant,10023,NEW YORK,MANHATTAN,40.7769929964825,-73.9791053311187,"11"
Club/Bar/Restaurant,10016,NEW YORK,MANHATTAN,40.7424424064156,-73.9805055353544,"100"
Club/Bar/Restaurant,10012,NEW YORK,MANHATTAN,40.7276114014976,-74.0012699970967,"23"
Club/Bar/Restaurant,10036,NEW YORK,MANHATTAN,40.7647889625035,-73.995902695109,"30"
Club/Bar/Restaurant,10009,NEW YORK,MANHATTAN,40.7298636229069,-73.9831683615617,"26"
Club/Bar/Restaurant,10018,NEW YORK,MANHATTAN,40.7520027993493,-73.9832566086294,"24"
Club/Bar/Restaurant,10031,NEW YORK,MANHATTAN,40.8304584219293,-73.9474991185293,"31"
Club/Bar/Restaurant,10029,NEW YORK,MANHATTAN,40.7931872154848,-73.9405619259896,"18"
Club/Bar/Restaurant,10002,NEW YORK,MANHATTAN,40.7225086302319,-73.9920486951996,"37"
Club/Bar/Restaurant,10003,NEW YORK,MANHATTAN,40.7346593435927,-73.9882873675358,"20"
Club/Bar/Restaurant,10013,NEW YORK,MANHATTAN,40.7194840889122,-73.9954040369325,"38"
Club/Bar/Restaurant,10031,NEW YORK,MANHATTAN,40.8242738097366,-73.9520349357648,"38"
Club/Bar/Restaurant,10025,NEW YORK,MANHATTAN,40.8023463082102,-73.9681096770604,"69"
Club/Bar/Restaurant,10036,NEW YORK,MANHATTAN,40.7604050003978,-73.9874742623528,"33"
Club/Bar/Restaurant,10002,NEW YORK,MANHATTAN,40.7211442713072,-73.9893936671612,"16"
Club/Bar/Restaurant,10025,NEW YORK,MANHATTAN,40.8023726394089,-73.9643026177316,"10"
Club/Bar/Restaurant,10025,NEW YORK,MANHATTAN,40.8064515295668,-73.9650481597259,"42"
Club/Bar/Restaurant,10036,NEW YORK,MANHATTAN,40.7601168237384,-73.9876728504346,"26"
Club/Bar/Restaurant,10003,NEW YORK,MANHATTAN,40.7328750181971,-73.9861660411488,"88"
Club/Bar/Restaurant,10024,NEW YORK,MANHATTAN,40.7859732168541,-73.9762533479441,"20"
Club/Bar/Restaurant,10031,NEW YORK,MANHATTAN,40.8251320156263,-73.9439731908162,"27"
Club/Bar/Restaurant,10014,NEW YORK,MANHATTAN,40.7297000806814,-74.0044776016975,"11"
Club/Bar/Restaurant,10032,NEW YORK,MANHATTAN,40.839178043621,-73.9411352156551,"26"
Club/Bar/Restaurant,10009,NEW YORK,MANHATTAN,40.7230840006448,-73.9826758187426,"49"
Club/Bar/Restaurant,10022,NEW YORK,MANHATTAN,40.7633365886084,-73.9727490038476,"24"
Club/Bar/Restaurant,10128,NEW YORK,MANHATTAN,40.7810624679513,-73.9494193151193,"20"
Club/Bar/Restaurant,10019,NEW YORK,MANHATTAN,40.7692957886554,-73.9949384932189,"17"
Club/Bar/Restaurant,10003,NEW YORK,MANHATTAN,40.731321755016,-73.988612687434,"12"
Club/Bar/Restaurant,10013,NEW YORK,MANHATTAN,40.7260026046018,-74.0093118846068,"16"
Club/Bar/Restaurant,10128,NEW YORK,MANHATTAN,40.7800280285702,-73.9501675338124,"45"
Club/Bar/Restaurant,10002,NEW YORK,MANHATTAN,40.7201039189149,-73.9884703025069,"10"
Club/Bar/Restaurant,10010,NEW YORK,MANHATTAN,40.7409369190927,-73.9921294953024,"36"
Club/Bar/Restaurant,10016,NEW YORK,MANHATTAN,40.7436147836691,-73.9828220502719,"21"
Club/Bar/Restaurant,10009,NEW YORK,MANHATTAN,40.7278765604893,-73.9841610526453,"13"
Club/Bar/Restaurant,10022,NEW YORK,MANHATTAN,40.7564895465227,-73.9664893039893,"25"
Club/Bar/Restaurant,10028,NEW YORK,MANHATTAN,40.7766798255095,-73.9510438059397,"18"
Club/Bar/Restaurant,10025,NEW YORK,MANHATTAN,40.798065981802,-73.9637234329846,"73"
Club/Bar/Restaurant,10026,NEW YORK,MANHATTAN,40.8022109401786,-73.9569667525507,"44"
Club/Bar/Restaurant,10016,NEW YORK,MANHATTAN,40.7422589740993,-73.9834864079218,"14"
Club/Bar/Restaurant,10002,NEW YORK,MANHATTAN,40.7206884087419,-73.9871137544876,"29"
Club/Bar/Restaurant,10014,NEW YORK,MANHATTAN,40.7390843516363,-74.0054525455888,"16"
Club/Bar/Restaurant,10036,NEW YORK,MANHATTAN,40.7575454180045,-73.9925642905589,"13"
Club/Bar/Restaurant,10028,NEW YORK,MANHATTAN,40.7773815884464,-73.9489924444925,"22"
Club/Bar/Restaurant,10036,NEW YORK,MANHATTAN,40.7575591407951,-73.9925498507532,"34"
Club/Bar/Restaurant,10022,NEW YORK,MANHATTAN,40.7545359249605,-73.9687569930428,"12"
Club/Bar/Restaurant,10003,NEW YORK,MANHATTAN,40.7293700770444,-73.987122899782,"69"
Club/Bar/Restaurant,10036,NEW YORK,MANHATTAN,40.7582096599595,-73.9927807926297,"14"
Club/Bar/Restaurant,10009,NEW YORK,MANHATTAN,40.7282219677141,-73.9812818029673,"208"
Club/Bar/Restaurant,10011,NEW YORK,MANHATTAN,40.7330679686614,-73.9982500027533,"40"
Club/Bar/Restaurant,10003,NEW YORK,MANHATTAN,40.726993295457,-73.9888190781007,"23"
Club/Bar/Restaurant,10009,NEW YORK,MANHATTAN,40.7289190734961,-73.9809027653522,"36"
Club/Bar/Restaurant,10026,NEW YORK,MANHATTAN,40.8031164564009,-73.9563196120988,"14"
Club/Bar/Restaurant,10014,NEW YORK,MANHATTAN,40.7304466607431,-74.0043044630722,"10"
Club/Bar/Restaurant,10024,NEW YORK,MANHATTAN,40.7866565507837,-73.9757511549249,"12"
Club/Bar/Restaurant,10040,NEW YORK,MANHATTAN,40.8575681384958,-73.9321718214575,"18"
Club/Bar/Restaurant,10013,NEW YORK,MANHATTAN,40.7191570906903,-74.0103318474637,"32"
Club/Bar/Restaurant,10017,NEW YORK,MANHATTAN,40.7516050956222,-73.9708950412598,"23"
Club/Bar/Restaurant,10019,NEW YORK,MANHATTAN,40.7669891366789,-73.9835019365314,"19"
Club/Bar/Restaurant,10002,NEW YORK,MANHATTAN,40.7193215953019,-73.9878174807838,"71"
Club/Bar/Restaurant,10018,NEW YORK,MANHATTAN,40.7522883561818,-73.9839820027172,"17"
Club/Bar/Restaurant,10030,NEW YORK,MANHATTAN,40.8204329206229,-73.9436881087397,"18"
Club/Bar/Restaurant,10026,NEW YORK,MANHATTAN,40.8059724208594,-73.9530270288317,"19"
Club/Bar/Restaurant,10036,NEW YORK,MANHATTAN,40.75941200063,-73.9956142523597,"57"
Club/Bar/Restaurant,10002,NEW YORK,MANHATTAN,40.7187291107868,-73.9922475567034,"166"
Club/Bar/Restaurant,10019,NEW YORK,MANHATTAN,40.7655706021809,-73.9874408008357,"18"
Club/Bar/Restaurant,10031,NEW YORK,MANHATTAN,40.8251381273337,-73.9513947701759,"12"
Club/Bar/Restaurant,10002,NEW YORK,MANHATTAN,40.7195413413282,-73.9894949325155,"40"
Club/Bar/Restaurant,10019,NEW YORK,MANHATTAN,40.7641240281187,-73.9865963513378,"14"
Club/Bar/Restaurant,10029,NEW YORK,MANHATTAN,40.7990427509952,-73.9425901514959,"24"
Club/Bar/Restaurant,10026,NEW YORK,MANHATTAN,40.8045050098276,-73.955592665832,"31"
Club/Bar/Restaurant,10033,NEW YORK,MANHATTAN,40.8520373122934,-73.9317473126583,"17"
Club/Bar/Restaurant,10014,NEW YORK,MANHATTAN,40.7326781795197,-74.0033015218851,"15"
Club/Bar/Restaurant,10031,NEW YORK,MANHATTAN,40.8249899522638,-73.9514888223065,"12"
Club/Bar/Restaurant,10009,NEW YORK,MANHATTAN,40.7226141986828,-73.9799160688437,"180"
Club/Bar/Restaurant,10014,NEW YORK,MANHATTAN,40.734212497362,-74.0032907729958,"32"
Club/Bar/Restaurant,10009,NEW YORK,MANHATTAN,40.7270992220888,-73.9804378653633,"61"
Club/Bar/Restaurant,10019,NEW YORK,MANHATTAN,40.7658022053278,-73.9765601711862,"10"
Club/Bar/Restaurant,10003,NEW YORK,MANHATTAN,40.7290079302128,-73.9886527710664,"10"
Club/Bar/Restaurant,10019,NEW YORK,MANHATTAN,40.7634847526416,-73.9889465181193,"33"
Club/Bar/Restaurant,10029,NEW YORK,MANHATTAN,40.7976907071101,-73.9393913111841,"12"
Club/Bar/Restaurant,10009,NEW YORK,MANHATTAN,40.7225268753831,-73.9830836304008,"32"
Club/Bar/Restaurant,10028,NEW YORK,MANHATTAN,40.7742907091581,-73.9483088215593,"35"
Club/Bar/Restaurant,10012,NEW YORK,MANHATTAN,40.7277102173977,-73.9992675858156,"59"
Club/Bar/Restaurant,10033,NEW YORK,MANHATTAN,40.848173434817,-73.9377802408373,"12"
Club/Bar/Restaurant,10024,NEW YORK,MANHATTAN,40.7829327540613,-73.9799484280765,"22"
Club/Bar/Restaurant,10002,NEW YORK,MANHATTAN,40.7179823881881,-73.9902960265984,"40"
Club/Bar/Restaurant,10016,NEW YORK,MANHATTAN,40.7452718757697,-73.9784404150103,"87"
Club/Bar/Restaurant,10013,NEW YORK,MANHATTAN,40.7203267798075,-73.9968938977754,"20"
Club/Bar/Restaurant,10040,NEW YORK,MANHATTAN,40.8590302626055,-73.9308219066893,"19"
Club/Bar/Restaurant,10031,NEW YORK,MANHATTAN,40.8213008377231,-73.9579299246889,"21"
Club/Bar/Restaurant,10002,NEW YORK,MANHATTAN,40.7146585460371,-73.9910720682278,"12"
Club/Bar/Restaurant,10002,NEW YORK,MANHATTAN,40.7213664846207,-73.9882391971564,"22"
Club/Bar/Restaurant,10029,NEW YORK,MANHATTAN,40.7987624577748,-73.9419294332043,"25"
Club/Bar/Restaurant,10009,NEW YORK,MANHATTAN,40.722343132003,-73.9841767983695,"15"
Club/Bar/Restaurant,10031,NEW YORK,MANHATTAN,40.8299617928272,-73.9478608600822,"44"
Club/Bar/Restaurant,10010,NEW YORK,MANHATTAN,40.7402615887334,-73.9905165168691,"16"
Club/Bar/Restaurant,10065,NEW YORK,MANHATTAN,40.7637551956527,-73.9589698270891,"11"
Club/Bar/Restaurant,10002,NEW YORK,MANHATTAN,40.7176310736831,-73.9904728406451,"42"
Club/Bar/Restaurant,10034,NEW YORK,MANHATTAN,40.8656868218715,-73.9274345469882,"13"
Club/Bar/Restaurant,10014,NEW YORK,MANHATTAN,40.7315060240006,-74.0066606581392,"17"
Club/Bar/Restaurant,10128,NEW YORK,MANHATTAN,40.7830370901895,-73.9521296386743,"12"
Club/Bar/Restaurant,10009,NEW YORK,MANHATTAN,40.7293696852306,-73.9839983358804,"12"
Club/Bar/Restaurant,10022,NEW YORK,MANHATTAN,40.7590710745399,-73.9623549552102,"10"
Club/Bar/Restaurant,10018,NEW YORK,MANHATTAN,40.7563788471673,-73.991766720291,"12"
Club/Bar/Restaurant,10028,NEW YORK,MANHATTAN,40.7765419802553,-73.9496321634703,"27"
Club/Bar/Restaurant,10014,NEW YORK,MANHATTAN,40.733397177947,-74.0063397120739,"10"
Club/Bar/Restaurant,10028,NEW YORK,MANHATTAN,40.7771421840931,-73.9540619530958,"10"
Club/Bar/Restaurant,10013,NEW YORK,MANHATTAN,40.7200138534942,-73.9961110772623,"13"
Club/Bar/Restaurant,10040,NEW YORK,MANHATTAN,40.8635725012624,-73.9260124165124,"13"
Club/Bar/Restaurant,10036,NEW YORK,MANHATTAN,40.7642812493807,-73.9985812964346,"10"
Club/Bar/Restaurant,10002,NEW YORK,MANHATTAN,40.7157236599107,-73.9932218780341,"17"
Club/Bar/Restaurant,10002,NEW YORK,MANHATTAN,40.7157509050653,-73.9903793194833,"10"
Club/Bar/Restaurant,10012,NEW YORK,MANHATTAN,40.7273506542739,-74.000739626097,"14"
Club/Bar/Restaurant,10036,NEW YORK,MANHATTAN,40.7569822609356,-73.9870814664275,"15"
Club/Bar/Restaurant,10034,NEW YORK,MANHATTAN,40.8657971824047,-73.9199974565987,"15"
Club/Bar/Restaurant,10013,NEW YORK,MANHATTAN,40.7264365137437,-74.0056571600602,"15"
Club/Bar/Restaurant,10019,NEW YORK,MANHATTAN,40.7658371700318,-73.9909352471194,"37"
Club/Bar/Restaurant,10009,NEW YORK,MANHATTAN,40.7252240839905,-73.9778480030747,"29"
Club/Bar/Restaurant,10012,NEW YORK,MANHATTAN,40.7290990660992,-74.0001912254227,"17"
Club/Bar/Restaurant,10001,NEW YORK,MANHATTAN,40.7471564606843,-73.9912698173802,"13"
Club/Bar/Restaurant,10014,NEW YORK,MANHATTAN,40.7312809520098,-74.0066967170919,"217"
Club/Bar/Restaurant,10013,NEW YORK,MANHATTAN,40.7196186725453,-73.9994516579305,"69"
Club/Bar/Restaurant,10009,NEW YORK,MANHATTAN,40.7289872390372,-73.9783410509884,"53"
Club/Bar/Restaurant,10011,NEW YORK,MANHATTAN,40.7391174129811,-74.0010464851121,"90"
Club/Bar/Restaurant,10011,NEW YORK,MANHATTAN,40.7327825125202,-73.9981417634615,"12"
Club/Bar/Restaurant,10009,NEW YORK,MANHATTAN,40.7297154875225,-73.9837348644427,"11"
Club/Bar/Restaurant,10011,NEW YORK,MANHATTAN,40.7391009448234,-74.0010067906004,"38"
Club/Bar/Restaurant,10022,NEW YORK,MANHATTAN,40.7559354645614,-73.9677384630578,"56"
Club/Bar/Restaurant,10040,NEW YORK,MANHATTAN,40.8611187535641,-73.92603322229,"32"
Club/Bar/Restaurant,10022,NEW YORK,MANHATTAN,40.7580051285627,-73.9681922693332,"12"
Club/Bar/Restaurant,10029,NEW YORK,MANHATTAN,40.7989493438091,-73.9424168650029,"72"
Club/Bar/Restaurant,10012,NEW YORK,MANHATTAN,40.7283250438295,-73.9994588022597,"35"
Club/Bar/Restaurant,10003,NEW YORK,MANHATTAN,40.7270646566704,-73.9887938107106,"12"
Club/Bar/Restaurant,10031,NEW YORK,MANHATTAN,40.8244038977788,-73.9482012421182,"18"
Club/Bar/Restaurant,10040,NEW YORK,MANHATTAN,40.864525298774,-73.9266187395532,"31"
Club/Bar/Restaurant,10012,NEW YORK,MANHATTAN,40.7286022654358,-74.000064943999,"41"
Club/Bar/Restaurant,10034,NEW YORK,MANHATTAN,40.8663149512038,-73.9185976455999,"17"
Club/Bar/Restaurant,10034,NEW YORK,MANHATTAN,40.8660603770101,-73.9278752253558,"11"
Club/Bar/Restaurant,10025,NEW YORK,MANHATTAN,40.8027716088137,-73.9676362986291,"50"
Club/Bar/Restaurant,10009,NEW YORK,MANHATTAN,40.7223650974929,-73.9842309080894,"13"
Club/Bar/Restaurant,10003,NEW YORK,MANHATTAN,40.7300266467463,-73.9941837797656,"11"
Club/Bar/Restaurant,10012,NEW YORK,MANHATTAN,40.7283771928769,-74.0007721093803,"26"
Club/Bar/Restaurant,10009,NEW YORK,MANHATTAN,40.7241785107656,-73.9788007994066,"24"
Club/Bar/Restaurant,10019,NEW YORK,MANHATTAN,40.7640910819475,-73.9865169396737,"15"
Club/Bar/Restaurant,10034,NEW YORK,MANHATTAN,40.872899181749,-73.9181809961103,"22"
Club/Bar/Restaurant,10033,NEW YORK,MANHATTAN,40.8472321858575,-73.9381244926045,"24"
Club/Bar/Restaurant,10009,NEW YORK,MANHATTAN,40.7260541961252,-73.9853232173529,"10"
Club/Bar/Restaurant,10001,NEW YORK,MANHATTAN,40.7452132562086,-73.9923671774809,"17"
Club/Bar/Restaurant,10019,NEW YORK,MANHATTAN,40.7630370340906,-73.9859576239225,"16"
Club/Bar/Restaurant,10001,NEW YORK,MANHATTAN,40.7456223790261,-73.9952542679703,"13"
Club/Bar/Restaurant,10013,NEW YORK,MANHATTAN,40.7200903515064,-74.0098449743519,"10"
Club/Bar/Restaurant,10024,NEW YORK,MANHATTAN,40.785838808299,-73.9766614503725,"14"
Club/Bar/Restaurant,10012,NEW YORK,MANHATTAN,40.7287449923226,-74.0003175046752,"20"
Club/Bar/Restaurant,10009,NEW YORK,MANHATTAN,40.7250659444967,-73.9842699549026,"42"
Club/Bar/Restaurant,10012,NEW YORK,MANHATTAN,40.7304302725995,-74.0001226753633,"12"
Club/Bar/Restaurant,10009,NEW YORK,MANHATTAN,40.725178340771,-73.9832849949774,"10"
Club/Bar/Restaurant,10003,NEW YORK,MANHATTAN,40.7271880959784,-73.9880505577305,"29"
Club/Bar/Restaurant,10018,NEW YORK,MANHATTAN,40.7560853139113,-73.9943258839727,"16"
Club/Bar/Restaurant,10002,NEW YORK,MANHATTAN,40.7222313883236,-73.9917456852519,"14"
Club/Bar/Restaurant,10018,NEW YORK,MANHATTAN,40.7567221005882,-73.9944449439906,"10"
Club/Bar/Restaurant,10014,NEW YORK,MANHATTAN,40.7324856865051,-74.0096880444477,"71"
Club/Bar/Restaurant,10031,NEW YORK,MANHATTAN,40.8257582401679,-73.9509390453784,"12"
Club/Bar/Restaurant,10033,NEW YORK,MANHATTAN,40.8520921892272,-73.9317183387504,"12"
Club/Bar/Restaurant,10022,NEW YORK,MANHATTAN,40.7592713935629,-73.9622104555331,"10"
Club/Bar/Restaurant,10026,NEW YORK,MANHATTAN,40.8020353262028,-73.9570968973861,"19"
Club/Bar/Restaurant,10013,NEW YORK,MANHATTAN,40.7222865236404,-74.0035824044213,"12"
Club/Bar/Restaurant,10019,NEW YORK,MANHATTAN,40.7600587333105,-73.9840054019883,"18"
Club/Bar/Restaurant,10003,NEW YORK,MANHATTAN,40.7348652468645,-73.9887564154255,"11"
Club/Bar/Restaurant,10002,NEW YORK,MANHATTAN,40.7192033018328,-73.9854978855812,"36"
Club/Bar/Restaurant,10002,NEW YORK,MANHATTAN,40.7226211913279,-73.9924347031189,"47"
Club/Bar/Restaurant,10009,NEW YORK,MANHATTAN,40.7243678737068,-73.9786636438796,"40"
Club/Bar/Restaurant,10022,NEW YORK,MANHATTAN,40.7585181839384,-73.9674340039978,"14"
Club/Bar/Restaurant,10040,NEW YORK,MANHATTAN,40.8605242036897,-73.9276896259234,"14"
Club/Bar/Restaurant,10025,NEW YORK,MANHATTAN,40.7989001863622,-73.963116194231,"23"
Club/Bar/Restaurant,10003,NEW YORK,MANHATTAN,40.7312366750827,-73.988688472968,"16"
Club/Bar/Restaurant,10033,NEW YORK,MANHATTAN,40.8503226125348,-73.9330105687162,"106"
Club/Bar/Restaurant,10028,NEW YORK,MANHATTAN,40.7764115749588,-73.9528023609087,"17"
Club/Bar/Restaurant,10034,NEW YORK,MANHATTAN,40.8663762581361,-73.928261738701,"94"
Club/Bar/Restaurant,10128,NEW YORK,MANHATTAN,40.7809195826985,-73.949058340121,"12"
Club/Bar/Restaurant,10040,NEW YORK,MANHATTAN,40.864223267086,-73.9264383048726,"12"
Club/Bar/Restaurant,10013,NEW YORK,MANHATTAN,40.7225719772535,-74.0036221041738,"22"
Club/Bar/Restaurant,10028,NEW YORK,MANHATTAN,40.7776048353479,-73.9511225603,"14"
Club/Bar/Restaurant,10022,NEW YORK,MANHATTAN,40.7561330487289,-73.9676048161808,"18"
Club/Bar/Restaurant,10022,NEW YORK,MANHATTAN,40.7558174677716,-73.9678359760126,"20"
Club/Bar/Restaurant,10003,NEW YORK,MANHATTAN,40.7341957610039,-73.9914844053401,"45"
Club/Bar/Restaurant,10028,NEW YORK,MANHATTAN,40.7752166804529,-73.9505755132033,"16"
Club/Bar/Restaurant,10028,NEW YORK,MANHATTAN,40.7760340781932,-73.9560304783617,"37"
Club/Bar/Restaurant,10009,NEW YORK,MANHATTAN,40.722518638457,-73.9830655941382,"10"
Club/Bar/Restaurant,10040,NEW YORK,MANHATTAN,40.8550085249543,-73.9295825784972,"35"
Club/Bar/Restaurant,10028,NEW YORK,MANHATTAN,40.7771833925238,-73.9541558011171,"25"
Club/Bar/Restaurant,10034,NEW YORK,MANHATTAN,40.8658653723677,-73.9276657408487,"46"
Club/Bar/Restaurant,10012,NEW YORK,MANHATTAN,40.7305263390844,-74.0000541215618,"22"
Club/Bar/Restaurant,10003,NEW YORK,MANHATTAN,40.7328173657391,-73.9860614144996,"14"
Club/Bar/Restaurant,10025,NEW YORK,MANHATTAN,40.8004380351095,-73.9657122937894,"21"
Club/Bar/Restaurant,10023,NEW YORK,MANHATTAN,40.7775398661218,-73.9831815851684,"10"
Club/Bar/Restaurant,10012,NEW YORK,MANHATTAN,40.7216442747908,-73.9973231435403,"13"
Club/Bar/Restaurant,10016,NEW YORK,MANHATTAN,40.74544330364,-73.9867300305498,"13"
Club/Bar/Restaurant,10033,NEW YORK,MANHATTAN,40.850728062663,-73.9365091177192,"76"
Club/Bar/Restaurant,10040,NEW YORK,MANHATTAN,40.854992204324,-73.9298247912124,"11"
Club/Bar/Restaurant,10009,NEW YORK,MANHATTAN,40.7275940008638,-73.9852940146628,"11"
Club/Bar/Restaurant,10036,NEW YORK,MANHATTAN,40.7635977781814,-73.9969965667836,"42"
Club/Bar/Restaurant,10009,NEW YORK,MANHATTAN,40.7300388909772,-73.9806462709052,"19"
Club/Bar/Restaurant,10002,NEW YORK,MANHATTAN,40.7210946518912,-73.9872832328363,"11"
Club/Bar/Restaurant,10040,NEW YORK,MANHATTAN,40.8568794307965,-73.9325340197971,"18"
Club/Bar/Restaurant,10022,NEW YORK,MANHATTAN,40.7592684891749,-73.9711479786182,"80"
Club/Bar/Restaurant,10003,NEW YORK,MANHATTAN,40.7352323113072,-73.9828206029376,"17"
Club/Bar/Restaurant,10034,NEW YORK,MANHATTAN,40.8660546978496,-73.9192993632174,"10"
Club/Bar/Restaurant,10010,NEW YORK,MANHATTAN,40.7407326323262,-73.9817618482293,"22"
Club/Bar/Restaurant,10025,NEW YORK,MANHATTAN,40.7938382976047,-73.9705370930867,"14"
Club/Bar/Restaurant,10037,NEW YORK,MANHATTAN,40.8105606517386,-73.9392495433233,"14"
Club/Bar/Restaurant,10034,NEW YORK,MANHATTAN,40.8659780079823,-73.9195308453907,"83"
Club/Bar/Restaurant,10002,NEW YORK,MANHATTAN,40.7171812383571,-73.9954763433624,"13"
Club/Bar/Restaurant,10038,NEW YORK,MANHATTAN,40.7099651230567,-74.0072175893292,"22"
Club/Bar/Restaurant,10025,NEW YORK,MANHATTAN,40.8005862212923,-73.9656146961098,"15"
Club/Bar/Restaurant,10033,NEW YORK,MANHATTAN,40.8450841029231,-73.93499287643,"88"
Club/Bar/Restaurant,10027,NEW YORK,MANHATTAN,40.8072925131014,-73.9464553851774,"23"
Club/Bar/Restaurant,10016,NEW YORK,MANHATTAN,40.7447800582234,-73.9758818809488,"12"
Club/Bar/Restaurant,10040,NEW YORK,MANHATTAN,40.8566047615806,-73.932194493604,"10"
Club/Bar/Restaurant,10019,NEW YORK,MANHATTAN,40.7654553297139,-73.9875021925118,"13"
Club/Bar/Restaurant,10013,NEW YORK,MANHATTAN,40.7161081258332,-73.9998484924085,"14"
Club/Bar/Restaurant,10014,NEW YORK,MANHATTAN,40.7345720852482,-74.0022443770276,"16"
Club/Bar/Restaurant,10128,NEW YORK,MANHATTAN,40.780443597688,-73.9528139461822,"12"
Club/Bar/Restaurant,10021,NEW YORK,MANHATTAN,40.7712255056694,-73.9565824202565,"10"
Club/Bar/Restaurant,10003,NEW YORK,MANHATTAN,40.7303557292885,-73.9899911447698,"25"
Club/Bar/Restaurant,10017,NEW YORK,MANHATTAN,40.7524667847658,-73.9702630385529,"245"
Club/Bar/Restaurant,10024,NEW YORK,MANHATTAN,40.7845543979752,-73.9772866091253,"103"
Club/Bar/Restaurant,10012,NEW YORK,MANHATTAN,40.7284238558697,-73.9996788888646,"11"
Club/Bar/Restaurant,10018,NEW YORK,MANHATTAN,40.7550556094325,-73.9885941924202,"10"
Club/Bar/Restaurant,10003,NEW YORK,MANHATTAN,40.7280250513165,-73.9862969348484,"42"
Club/Bar/Restaurant,10009,NEW YORK,MANHATTAN,40.7259883020816,-73.9851680939507,"22"
Club/Bar/Restaurant,10034,NEW YORK,MANHATTAN,40.8664339416697,-73.9283339860585,"77"
Club/Bar/Restaurant,10011,NEW YORK,MANHATTAN,40.7436049516151,-73.9944424288812,"30"
Club/Bar/Restaurant,10012,NEW YORK,MANHATTAN,40.7285171779659,-73.9998881521445,"12"
Club/Bar/Restaurant,10027,NEW YORK,MANHATTAN,40.8139841899921,-73.9465475424146,"171"
Club/Bar/Restaurant,10075,NEW YORK,MANHATTAN,40.7707057007765,-73.9538822686174,"11"
Club/Bar/Restaurant,10009,NEW YORK,MANHATTAN,40.7226723300094,-73.9829645400739,"39"
Club/Bar/Restaurant,10023,NEW YORK,MANHATTAN,40.772420193584,-73.9787240662301,"30"
Club/Bar/Restaurant,10010,NEW YORK,MANHATTAN,40.7405899234897,-73.9818773640677,"18"
Club/Bar/Restaurant,10014,NEW YORK,MANHATTAN,40.7400230266235,-74.0060552616808,"10"
Club/Bar/Restaurant,10036,NEW YORK,MANHATTAN,40.7613577164077,-73.9905099033853,"16"
Club/Bar/Restaurant,10023,NEW YORK,MANHATTAN,40.7730321880804,-73.9782834010253,"87"
Club/Bar/Restaurant,10031,NEW YORK,MANHATTAN,40.8302224603727,-73.9476835937783,"31"
Club/Bar/Restaurant,10030,NEW YORK,MANHATTAN,40.814372909738,-73.9443688019552,"93"
Club/Bar/Restaurant,10036,NEW YORK,MANHATTAN,40.7572323048157,-73.9897921905463,"39"
Club/Bar/Restaurant,10001,NEW YORK,MANHATTAN,40.7449961266951,-73.9887727501172,"19"
Club/Bar/Restaurant,10003,NEW YORK,MANHATTAN,40.7261833231736,-73.9863261765046,"20"
Club/Bar/Restaurant,10003,NEW YORK,MANHATTAN,40.7258268540309,-73.9896779420335,"19"
Club/Bar/Restaurant,10009,NEW YORK,MANHATTAN,40.7297260244475,-73.9808592373634,"14"
Club/Bar/Restaurant,10029,NEW YORK,MANHATTAN,40.796003280854,-73.9354091932938,"15"
Club/Bar/Restaurant,10003,NEW YORK,MANHATTAN,40.7258844916595,-73.9896526781362,"11"
Club/Bar/Restaurant,10040,NEW YORK,MANHATTAN,40.8593241939054,-73.9312373366088,"223"
Club/Bar/Restaurant,10014,NEW YORK,MANHATTAN,40.739405436143,-74.0064485413138,"11"
Club/Bar/Restaurant,10012,NEW YORK,MANHATTAN,40.7241831627267,-74.0031964759799,"10"
Club/Bar/Restaurant,10014,NEW YORK,MANHATTAN,40.7398171285561,-74.0068022246708,"44"
Club/Bar/Restaurant,10031,NEW YORK,MANHATTAN,40.8245097784878,-73.9518504924377,"41"
Club/Bar/Restaurant,10034,NEW YORK,MANHATTAN,40.8659669895172,-73.9277668630255,"26"
Club/Bar/Restaurant,10029,NEW YORK,MANHATTAN,40.7977061639614,-73.9486084730309,"13"
Club/Bar/Restaurant,10003,NEW YORK,MANHATTAN,40.7242456838882,-73.9877408176045,"26"
Club/Bar/Restaurant,10009,NEW YORK,MANHATTAN,40.7272562878375,-73.9844714818039,"46"
Club/Bar/Restaurant,10011,NEW YORK,MANHATTAN,40.7389993908853,-74.0007614067846,"11"
Club/Bar/Restaurant,10028,NEW YORK,MANHATTAN,40.777292368811,-73.9521554323041,"37"
Club/Bar/Restaurant,10011,NEW YORK,MANHATTAN,40.7399432789764,-73.9915630602651,"15"
Club/Bar/Restaurant,10018,NEW YORK,MANHATTAN,40.7600323632055,-74.0027578126782,"18"
Club/Bar/Restaurant,10036,NEW YORK,MANHATTAN,40.7633754387781,-73.9964587041469,"10"
Club/Bar/Restaurant,10031,NEW YORK,MANHATTAN,40.8305050655908,-73.947462946461,"33"
Club/Bar/Restaurant,10012,NEW YORK,MANHATTAN,40.7297632906943,-73.9987840828342,"11"
Club/Bar/Restaurant,10036,NEW YORK,MANHATTAN,40.7584611288548,-73.9828687561449,"15"
Club/Bar/Restaurant,10001,NEW YORK,MANHATTAN,40.7471865229049,-73.9896962866297,"13"
Club/Bar/Restaurant,10040,NEW YORK,MANHATTAN,40.8646639551831,-73.9288890471094,"10"
Club/Bar/Restaurant,10034,NEW YORK,MANHATTAN,40.8670151986504,-73.9231089463078,"55"
Club/Bar/Restaurant,10018,NEW YORK,MANHATTAN,40.7613910311203,-74.0017363022998,"20"
Club/Bar/Restaurant,10034,NEW YORK,MANHATTAN,40.8658269058158,-73.9276007046568,"116"
Club/Bar/Restaurant,10002,NEW YORK,MANHATTAN,40.7217671406598,-73.9874923470548,"62"
Club/Bar/Restaurant,10013,NEW YORK,MANHATTAN,40.7191932360442,-73.9998412704142,"30"
Club/Bar/Restaurant,10014,NEW YORK,MANHATTAN,40.7402618299024,-74.0058640259227,"24"
Club/Bar/Restaurant,10025,NEW YORK,MANHATTAN,40.8011577796834,-73.9678863066266,"29"
Club/Bar/Restaurant,10002,NEW YORK,MANHATTAN,40.7199666352944,-73.9880229922284,"56"
Club/Bar/Restaurant,10029,NEW YORK,MANHATTAN,40.7954682828335,-73.9358106027363,"17"
Club/Bar/Restaurant,10065,NEW YORK,MANHATTAN,40.7616724525879,-73.960447514912,"60"
Club/Bar/Restaurant,10022,NEW YORK,MANHATTAN,40.7570770512408,-73.9669365917014,"16"
Club/Bar/Restaurant,10128,NEW YORK,MANHATTAN,40.7815177215275,-73.9485776370895,"11"
Club/Bar/Restaurant,10009,NEW YORK,MANHATTAN,40.7272672702662,-73.9844967347388,"52"
Club/Bar/Restaurant,10009,NEW YORK,MANHATTAN,40.7276763338494,-73.9852182295465,"26"
Club/Bar/Restaurant,10011,NEW YORK,MANHATTAN,40.7422847760388,-74.0044170988681,"17"
Club/Bar/Restaurant,10034,NEW YORK,MANHATTAN,40.868219518729,-73.9182409876323,"30"
Club/Bar/Restaurant,10031,NEW YORK,MANHATTAN,40.8306834241322,-73.9473580130823,"13"
Club/Bar/Restaurant,10003,NEW YORK,MANHATTAN,40.7272647670935,-73.9864089369386,"14"
Club/Bar/Restaurant,10040,NEW YORK,MANHATTAN,40.8578397871727,-73.9320414039876,"33"
Club/Bar/Restaurant,10001,NEW YORK,MANHATTAN,40.7515538206181,-74.0036272892472,"45"
Club/Bar/Restaurant,10009,NEW YORK,MANHATTAN,40.7263119363597,-73.9833604760441,"39"
Club/Bar/Restaurant,10013,NEW YORK,MANHATTAN,40.7205051875685,-73.9968361684749,"15"
Club/Bar/Restaurant,10002,NEW YORK,MANHATTAN,40.7202351981606,-73.9844767252336,"10"
Club/Bar/Restaurant,10028,NEW YORK,MANHATTAN,40.7771935927569,-73.9522385478397,"41"
Club/Bar/Restaurant,10014,NEW YORK,MANHATTAN,40.7393889445073,-74.0068490925493,"37"
Club/Bar/Restaurant,10003,NEW YORK,MANHATTAN,40.7264855533407,-73.9892160306798,"16"
Club/Bar/Restaurant,10018,NEW YORK,MANHATTAN,40.7565272023634,-73.9940190377673,"11"
Club/Bar/Restaurant,10003,NEW YORK,MANHATTAN,40.7345334209513,-73.9922673678699,"17"
Club/Bar/Restaurant,10024,NEW YORK,MANHATTAN,40.7835883931692,-73.9780163565397,"13"
Club/Bar/Restaurant,10023,NEW YORK,MANHATTAN,40.7713942441051,-73.9821578067968,"14"
Club/Bar/Restaurant,10003,NEW YORK,MANHATTAN,40.7344565541027,-73.9920653110408,"10"
Club/Bar/Restaurant,10033,NEW YORK,MANHATTAN,40.8457188877769,-73.9363512528656,"13"
Club/Bar/Restaurant,10011,NEW YORK,MANHATTAN,40.7323159181211,-74.0005123645452,"12"
Club/Bar/Restaurant,10012,NEW YORK,MANHATTAN,40.7241749506033,-74.0022620656797,"22"
Club/Bar/Restaurant,10002,NEW YORK,MANHATTAN,40.7215032054899,-73.9839569332294,"15"
Club/Bar/Restaurant,10036,NEW YORK,MANHATTAN,40.760070770941,-73.9965491224596,"12"
Club/Bar/Restaurant,10002,NEW YORK,MANHATTAN,40.718486591371,-73.9830918707806,"17"
Club/Bar/Restaurant,10009,NEW YORK,MANHATTAN,40.7272782589846,-73.9845688907487,"21"
Club/Bar/Restaurant,10016,NEW YORK,MANHATTAN,40.7483020595479,-73.9783383804913,"10"
Club/Bar/Restaurant,10023,NEW YORK,MANHATTAN,40.7714930941168,-73.9824141132987,"19"
Club/Bar/Restaurant,10032,NEW YORK,MANHATTAN,40.8374503470492,-73.938690131449,"22"
Club/Bar/Restaurant,10009,NEW YORK,MANHATTAN,40.7246343878558,-73.980189651703,"33"
Club/Bar/Restaurant,10036,NEW YORK,MANHATTAN,40.7600977089191,-73.9886294260708,"72"
Club/Bar/Restaurant,10022,NEW YORK,MANHATTAN,40.7570715596792,-73.9669293753427,"17"
Club/Bar/Restaurant,10010,NEW YORK,MANHATTAN,40.737903102625,-73.983833903841,"41"
Club/Bar/Restaurant,10034,NEW YORK,MANHATTAN,40.8667609948982,-73.920610931621,"44"
Club/Bar/Restaurant,10025,NEW YORK,MANHATTAN,40.8028857895415,-73.9639375278429,"20"
Club/Bar/Restaurant,10034,NEW YORK,MANHATTAN,40.8690900365121,-73.9315851847523,"14"
Club/Bar/Restaurant,10036,NEW YORK,MANHATTAN,40.7632325451062,-73.9928560555927,"28"
Club/Bar/Restaurant,10025,NEW YORK,MANHATTAN,40.8057160978883,-73.9655614755012,"48"
Club/Bar/Restaurant,10019,NEW YORK,MANHATTAN,40.765439080709,-73.9897223428079,"11"
Club/Bar/Restaurant,10013,NEW YORK,MANHATTAN,40.7189900764286,-74.0033080587859,"11"
Club/Bar/Restaurant,10021,NEW YORK,MANHATTAN,40.7699797426907,-73.9575182851181,"15"
Club/Bar/Restaurant,10039,NEW YORK,MANHATTAN,40.822003741501,-73.9399183528048,"14"
Club/Bar/Restaurant,10027,NEW YORK,MANHATTAN,40.8086506835779,-73.9454572867443,"12"
Club/Bar/Restaurant,10001,NEW YORK,MANHATTAN,40.7519600703161,-74.0026275449508,"28"
Club/Bar/Restaurant,10013,NEW YORK,MANHATTAN,40.7189571594619,-73.9974891954442,"19"
Club/Bar/Restaurant,10009,NEW YORK,MANHATTAN,40.7251729791558,-73.984190557723,"52"
Club/Bar/Restaurant,10025,NEW YORK,MANHATTAN,40.8024287117169,-73.9683335816927,"14"
Club/Bar/Restaurant,10016,NEW YORK,MANHATTAN,40.7451163955182,-73.984467318917,"12"
Club/Bar/Restaurant,10033,NEW YORK,MANHATTAN,40.8481486726514,-73.9327814310058,"10"
Club/Bar/Restaurant,10012,NEW YORK,MANHATTAN,40.722887553558,-73.9945740333914,"10"
Club/Bar/Restaurant,10022,NEW YORK,MANHATTAN,40.7568059565667,-73.9692287764522,"14"
Club/Bar/Restaurant,10019,NEW YORK,MANHATTAN,40.7664323774352,-73.986783609341,"11"
Club/Bar/Restaurant,10012,NEW YORK,MANHATTAN,40.7251301052203,-74.003153227656,"10"
Club/Bar/Restaurant,10028,NEW YORK,MANHATTAN,40.7768012103583,-73.9525168463971,"35"
Club/Bar/Restaurant,10002,NEW YORK,MANHATTAN,40.7216876367466,-73.9883906607604,"89"
Club/Bar/Restaurant,10034,NEW YORK,MANHATTAN,40.8659314036054,-73.9196104417344,"10"
Club/Bar/Restaurant,10036,NEW YORK,MANHATTAN,40.7582011358204,-73.9890953886468,"14"
Club/Bar/Restaurant,10030,NEW YORK,MANHATTAN,40.8144277849576,-73.9443290168962,"168"
Club/Bar/Restaurant,10009,NEW YORK,MANHATTAN,40.7227084159698,-73.9859589060147,"19"
Club/Bar/Restaurant,10029,NEW YORK,MANHATTAN,40.7895901930629,-73.9431797227136,"13"
Club/Bar/Restaurant,10028,NEW YORK,MANHATTAN,40.7765624954985,-73.952704767766,"34"
Club/Bar/Restaurant,10034,NEW YORK,MANHATTAN,40.863805379005,-73.9253577815254,"25"
Club/Bar/Restaurant,10009,NEW YORK,MANHATTAN,40.7230292673168,-73.9837870040467,"38"
Club/Bar/Restaurant,10034,NEW YORK,MANHATTAN,40.8692494935932,-73.9154231433338,"18"
Club/Bar/Restaurant,10019,NEW YORK,MANHATTAN,40.7661799515655,-73.9875959174628,"16"
Club/Bar/Restaurant,10014,NEW YORK,MANHATTAN,40.7332270558784,-74.0052969115318,"21"
Club/Bar/Restaurant,10012,NEW YORK,MANHATTAN,40.725761324016,-73.9947758387931,"14"
Club/Bar/Restaurant,10009,NEW YORK,MANHATTAN,40.725795975689,-73.9837358210722,"51"
Club/Bar/Restaurant,10033,NEW YORK,MANHATTAN,40.8505064214899,-73.9328621844501,"27"
Club/Bar/Restaurant,10025,NEW YORK,MANHATTAN,40.7995999241589,-73.9625957003501,"14"
Club/Bar/Restaurant,10002,NEW YORK,MANHATTAN,40.7202113673502,-73.9936615422047,"19"
Club/Bar/Restaurant,10016,NEW YORK,MANHATTAN,40.7444983247252,-73.9811076135422,"12"
Club/Bar/Restaurant,10013,NEW YORK,MANHATTAN,40.7219516584265,-73.9962697003427,"10"
Club/Bar/Restaurant,10013,NEW YORK,MANHATTAN,40.7186331445543,-74.006082178023,"34"
Club/Bar/Restaurant,10002,NEW YORK,MANHATTAN,40.7203783688804,-73.9882141186395,"14"
Club/Bar/Restaurant,10031,NEW YORK,MANHATTAN,40.8254207398922,-73.9511741554799,"16"
Club/Bar/Restaurant,10022,NEW YORK,MANHATTAN,40.7557561913945,-73.9647860026078,"11"
Club/Bar/Restaurant,10011,NEW YORK,MANHATTAN,40.7336059316852,-73.997744830702,"51"
Club/Bar/Restaurant,10029,NEW YORK,MANHATTAN,40.7977075886591,-73.9401822682408,"38"
Club/Bar/Restaurant,10014,NEW YORK,MANHATTAN,40.7329305003802,-74.0074943026536,"14"
Club/Bar/Restaurant,10017,NEW YORK,MANHATTAN,40.7523789733472,-73.9703424820868,"23"
Club/Bar/Restaurant,10019,NEW YORK,MANHATTAN,40.763002488691,-73.9761712912193,"16"
Club/Bar/Restaurant,10024,NEW YORK,MANHATTAN,40.7848590247879,-73.9770915085857,"12"
Club/Bar/Restaurant,10001,NEW YORK,MANHATTAN,40.7464483300692,-73.9914647943642,"43"
Club/Bar/Restaurant,10026,NEW YORK,MANHATTAN,40.8038437152166,-73.9560735134939,"13"
Club/Bar/Restaurant,10009,NEW YORK,MANHATTAN,40.7234470161208,-73.9882857303726,"31"
Club/Bar/Restaurant,10003,NEW YORK,MANHATTAN,40.7288184224996,-73.9874982395978,"22"
Club/Bar/Restaurant,10029,NEW YORK,MANHATTAN,40.7941667203149,-73.9398604099575,"11"
Club/Bar/Restaurant,10016,NEW YORK,MANHATTAN,40.7423111362326,-73.9835693960681,"75"
Club/Bar/Restaurant,10025,NEW YORK,MANHATTAN,40.8046019786212,-73.9663711667606,"12"
Club/Bar/Restaurant,10075,NEW YORK,MANHATTAN,40.7722462754536,-73.9558632921237,"11"
Club/Bar/Restaurant,10011,NEW YORK,MANHATTAN,40.734981044362,-73.9973262161017,"23"
Club/Bar/Restaurant,10040,NEW YORK,MANHATTAN,40.8549070085149,-73.9296441384703,"52"
Club/Bar/Restaurant,10013,NEW YORK,MANHATTAN,40.7174224089932,-74.0102594306647,"31"
Club/Bar/Restaurant,10007,NEW YORK,MANHATTAN,40.7130446382838,-74.0087726078133,"17"
Club/Bar/Restaurant,10016,NEW YORK,MANHATTAN,40.7415916406255,-73.9811481334991,"19"
Club/Bar/Restaurant,10016,NEW YORK,MANHATTAN,40.7482131932732,-73.9734012123216,"16"
Club/Bar/Restaurant,10003,NEW YORK,MANHATTAN,40.7266032345612,-73.9860230274365,"20"
Club/Bar/Restaurant,10017,NEW YORK,MANHATTAN,40.7524540553797,-73.9744029021442,"10"
Club/Bar/Restaurant,10014,NEW YORK,MANHATTAN,40.7346050426052,-74.0005989819466,"39"
Club/Bar/Restaurant,10032,NEW YORK,MANHATTAN,40.8429166722361,-73.9365888570481,"17"
Club/Bar/Restaurant,10019,NEW YORK,MANHATTAN,40.7646270094734,-73.9955453198754,"10"
Club/Bar/Restaurant,10036,NEW YORK,MANHATTAN,40.7624226580074,-73.9902859420629,"44"
Club/Bar/Restaurant,10026,NEW YORK,MANHATTAN,40.8059262544307,-73.9542552066436,"21"
Club/Bar/Restaurant,10024,NEW YORK,MANHATTAN,40.7834566590081,-73.978085008511,"36"
Club/Bar/Restaurant,10014,NEW YORK,MANHATTAN,40.7401410749995,-74.0055789339355,"10"
Club/Bar/Restaurant,10011,NEW YORK,MANHATTAN,40.7442500854788,-73.9980512224267,"11"
Club/Bar/Restaurant,10009,NEW YORK,MANHATTAN,40.7272315825958,-73.9844534479317,"46"
Club/Bar/Restaurant,10009,NEW YORK,MANHATTAN,40.7272919803475,-73.9845508479261,"39"
Club/Bar/Restaurant,10075,NEW YORK,MANHATTAN,40.7722023624053,-73.9558705419528,"13"
Club/Bar/Restaurant,10019,NEW YORK,MANHATTAN,40.767423533646,-73.9897797982167,"13"
Club/Bar/Restaurant,10034,NEW YORK,MANHATTAN,40.8639506275696,-73.9250177761278,"13"
Club/Bar/Restaurant,10014,NEW YORK,MANHATTAN,40.7329663620542,-74.0038391633643,"19"
Club/Bar/Restaurant,10029,NEW YORK,MANHATTAN,40.79502253171,-73.9442368966469,"32"
Club/Bar/Restaurant,10065,NEW YORK,MANHATTAN,40.7626438501509,-73.9597502380939,"13"
Club/Bar/Restaurant,10002,NEW YORK,MANHATTAN,40.7194612308002,-73.9848881610884,"14"
Club/Bar/Restaurant,10002,NEW YORK,MANHATTAN,40.7224015563106,-73.9916482572405,"28"
Club/Bar/Restaurant,10033,NEW YORK,MANHATTAN,40.8516971143564,-73.9319934598578,"20"
Club/Bar/Restaurant,10016,NEW YORK,MANHATTAN,40.7416876950696,-73.9810759321473,"10"
Club/Bar/Restaurant,10027,NEW YORK,MANHATTAN,40.8085378923251,-73.9449155291046,"12"
Club/Bar/Restaurant,10003,NEW YORK,MANHATTAN,40.7329958267848,-73.986497973953,"20"
Club/Bar/Restaurant,10034,NEW YORK,MANHATTAN,40.861310449419,-73.9212320223012,"26"
Club/Bar/Restaurant,10040,NEW YORK,MANHATTAN,40.865387476916,-73.9271601015306,"21"
Club/Bar/Restaurant,10033,NEW YORK,MANHATTAN,40.8501333076928,-73.9331481139055,"18"
Club/Bar/Restaurant,10014,NEW YORK,MANHATTAN,40.7376544437782,-74.0022011789732,"22"
Club/Bar/Restaurant,10002,NEW YORK,MANHATTAN,40.7227966346064,-73.9895990422749,"84"
Club/Bar/Restaurant,10034,NEW YORK,MANHATTAN,40.8670136285739,-73.9207877900585,"129"
Club/Bar/Restaurant,10021,NEW YORK,MANHATTAN,40.7691973622901,-73.9571685948207,"12"
Club/Bar/Restaurant,10016,NEW YORK,MANHATTAN,40.743944270895,-73.9836267345995,"16"
Club/Bar/Restaurant,10013,NEW YORK,MANHATTAN,40.7148373010445,-73.9996140237334,"17"
Club/Bar/Restaurant,10036,NEW YORK,MANHATTAN,40.7625354109418,-73.9933651175421,"60"
Club/Bar/Restaurant,10002,NEW YORK,MANHATTAN,40.7187345978711,-73.9922114814074,"129"
Club/Bar/Restaurant,10033,NEW YORK,MANHATTAN,40.8505751504006,-73.9330536897846,"14"
Club/Bar/Restaurant,10019,NEW YORK,MANHATTAN,40.7655921685319,-73.9842531633798,"19"
Club/Bar/Restaurant,10013,NEW YORK,MANHATTAN,40.7223853290657,-74.0037664005647,"10"
Club/Bar/Restaurant,10009,NEW YORK,MANHATTAN,40.7278647902351,-73.9791892864311,"23"
Club/Bar/Restaurant,10003,NEW YORK,MANHATTAN,40.72662273495,-73.9886315298472,"13"
Club/Bar/Restaurant,10017,NEW YORK,MANHATTAN,40.7551024628109,-73.9732035518629,"38"
Club/Bar/Restaurant,10024,NEW YORK,MANHATTAN,40.7858744213287,-73.9763256052527,"19"
Club/Bar/Restaurant,10016,NEW YORK,MANHATTAN,40.7422205283676,-73.9833528941638,"17"
Club/Bar/Restaurant,10075,NEW YORK,MANHATTAN,40.7720212648884,-73.9560150760681,"11"
Club/Bar/Restaurant,10016,NEW YORK,MANHATTAN,40.7453898857837,-73.9783645897275,"13"
Club/Bar/Restaurant,10016,NEW YORK,MANHATTAN,40.7438319560227,-73.985254342171,"11"
Club/Bar/Restaurant,10027,NEW YORK,MANHATTAN,40.8079606690324,-73.9490773792095,"70"
Club/Bar/Restaurant,10013,NEW YORK,MANHATTAN,40.7190395262599,-73.9991197743267,"12"
Club/Bar/Restaurant,10012,NEW YORK,MANHATTAN,40.7253139943831,-74.0034851559736,"44"
Club/Bar/Restaurant,10032,NEW YORK,MANHATTAN,40.8384262742792,-73.9416888162169,"11"
Club/Bar/Restaurant,10027,NEW YORK,MANHATTAN,40.8093871123464,-73.9536567853507,"81"
Club/Bar/Restaurant,10019,NEW YORK,MANHATTAN,40.7643703270037,-73.9813618922139,"40"
Club/Bar/Restaurant,10029,NEW YORK,MANHATTAN,40.7874422887087,-73.9518917440655,"11"
Club/Bar/Restaurant,10003,NEW YORK,MANHATTAN,40.7376401398647,-73.9882327162105,"10"
Club/Bar/Restaurant,10014,NEW YORK,MANHATTAN,40.7343030899639,-74.0026845816199,"17"
Club/Bar/Restaurant,10025,NEW YORK,MANHATTAN,40.7987849389821,-73.9632137767993,"68"
Club/Bar/Restaurant,10002,NEW YORK,MANHATTAN,40.719299300862,-73.9849711702212,"10"
Club/Bar/Restaurant,10034,NEW YORK,MANHATTAN,40.8626052909949,-73.9202760570198,"14"
Club/Bar/Restaurant,10012,NEW YORK,MANHATTAN,40.7282262314852,-73.9992567562055,"13"
Club/Bar/Restaurant,10034,NEW YORK,MANHATTAN,40.8672250568662,-73.9209140814976,"22"
Club/Bar/Restaurant,10028,NEW YORK,MANHATTAN,40.7746554640427,-73.9540925524989,"15"
Club/Bar/Restaurant,10028,NEW YORK,MANHATTAN,40.7750012043082,-73.9538504096891,"31"
Club/Bar/Restaurant,10002,NEW YORK,MANHATTAN,40.7224480664776,-73.989779480014,"18"
Club/Bar/Restaurant,10019,NEW YORK,MANHATTAN,40.7636714348619,-73.9893688454039,"12"
Club/Bar/Restaurant,10002,NEW YORK,MANHATTAN,40.7200764597058,-73.9883548660276,"10"
Club/Bar/Restaurant,10027,NEW YORK,MANHATTAN,40.8066979525465,-73.9429122619687,"110"
Club/Bar/Restaurant,10065,NEW YORK,MANHATTAN,40.7663693938889,-73.9625024518918,"10"
Club/Bar/Restaurant,10019,NEW YORK,MANHATTAN,40.7643410520276,-73.9883362968214,"11"
Club/Bar/Restaurant,10002,NEW YORK,MANHATTAN,40.7201943805181,-73.9873699856898,"30"
Club/Bar/Restaurant,10009,NEW YORK,MANHATTAN,40.7300086980622,-73.9806426715981,"15"
Club/Bar/Restaurant,10019,NEW YORK,MANHATTAN,40.7662381692084,-73.9954549611408,"17"
Club/Bar/Restaurant,10011,NEW YORK,MANHATTAN,40.7444586504154,-73.9965210602553,"38"
Club/Bar/Restaurant,10006,NEW YORK,MANHATTAN,40.7081776246313,-74.0142652675817,"17"
Club/Bar/Restaurant,10019,NEW YORK,MANHATTAN,40.7628967525792,-73.9836834431151,"12"
Club/Bar/Restaurant,10028,NEW YORK,MANHATTAN,40.7769082327479,-73.9524626108162,"65"
Club/Bar/Restaurant,10003,NEW YORK,MANHATTAN,40.7354001294359,-73.9856567369923,"73"
Club/Bar/Restaurant,10038,NEW YORK,MANHATTAN,40.7103054973982,-74.0068280691484,"20"
Club/Bar/Restaurant,10031,NEW YORK,MANHATTAN,40.828204049429,-73.9454268048842,"10"
Club/Bar/Restaurant,10014,NEW YORK,MANHATTAN,40.7410715409416,-74.0056764460781,"11"
Club/Bar/Restaurant,10036,NEW YORK,MANHATTAN,40.7600233819085,-73.9865935668271,"45"
Club/Bar/Restaurant,10003,NEW YORK,MANHATTAN,40.7329546388856,-73.9863572611084,"32"
Club/Bar/Restaurant,10003,NEW YORK,MANHATTAN,40.7311924357169,-73.9857731031743,"20"
Club/Bar/Restaurant,10009,NEW YORK,MANHATTAN,40.7245769762462,-73.9815642337509,"16"
Club/Bar/Restaurant,10010,NEW YORK,MANHATTAN,40.7374036082664,-73.9841984811669,"24"
Club/Bar/Restaurant,10034,NEW YORK,MANHATTAN,40.86193592607,-73.9207721466384,"28"
Club/Bar/Restaurant,10009,NEW YORK,MANHATTAN,40.7232603871784,-73.9884300716081,"38"
Club/Bar/Restaurant,10003,NEW YORK,MANHATTAN,40.7319909418278,-73.9841095601067,"19"
Club/Bar/Restaurant,10028,NEW YORK,MANHATTAN,40.7775036489279,-73.9520000225456,"13"
Club/Bar/Restaurant,10021,NEW YORK,MANHATTAN,40.7687245720956,-73.9553385406507,"10"
Club/Bar/Restaurant,10019,NEW YORK,MANHATTAN,40.7641899148916,-73.9867082458409,"12"
Club/Bar/Restaurant,10031,NEW YORK,MANHATTAN,40.8271474707171,-73.9518991705532,"18"
Club/Bar/Restaurant,10025,NEW YORK,MANHATTAN,40.801334187478,-73.9613702773283,"23"
Club/Bar/Restaurant,10034,NEW YORK,MANHATTAN,40.8620319333462,-73.9206888817376,"22"
Club/Bar/Restaurant,10012,NEW YORK,MANHATTAN,40.7253139941645,-74.0034923716174,"28"
Club/Bar/Restaurant,10038,NEW YORK,MANHATTAN,40.7054885573279,-74.0043605594758,"46"
Club/Bar/Restaurant,10031,NEW YORK,MANHATTAN,40.8262219473419,-73.9505882139936,"14"
Club/Bar/Restaurant,10019,NEW YORK,MANHATTAN,40.764349283326,-73.9883074158882,"64"
Club/Bar/Restaurant,10128,NEW YORK,MANHATTAN,40.7809252708069,-73.9495096902304,"192"
Club/Bar/Restaurant,10013,NEW YORK,MANHATTAN,40.7242817514729,-74.0078396756066,"14"
Club/Bar/Restaurant,10128,NEW YORK,MANHATTAN,40.7833603581909,-73.9506814082149,"63"
Club/Bar/Restaurant,10022,NEW YORK,MANHATTAN,40.7594717195283,-73.9620876130171,"18"
Club/Bar/Restaurant,10032,NEW YORK,MANHATTAN,40.8420459079229,-73.9353428040829,"145"
Club/Bar/Restaurant,10031,NEW YORK,MANHATTAN,40.8295996161536,-73.9481393816314,"22"
Club/Bar/Restaurant,10128,NEW YORK,MANHATTAN,40.7808347230213,-73.949574753844,"148"
Club/Bar/Restaurant,10003,NEW YORK,MANHATTAN,40.7238671155681,-73.9898838869523,"20"
Club/Bar/Restaurant,10012,NEW YORK,MANHATTAN,40.7297660397421,-74.0006999642133,"22"
Club/Bar/Restaurant,10002,NEW YORK,MANHATTAN,40.7124162842086,-73.9943656726088,"35"
Club/Bar/Restaurant,10003,NEW YORK,MANHATTAN,40.7274739168781,-73.992354777559,"42"
Club/Bar/Restaurant,10035,NEW YORK,MANHATTAN,40.7973658186304,-73.9374990616476,"63"
Club/Bar/Restaurant,10034,NEW YORK,MANHATTAN,40.8623078374467,-73.9228034769792,"48"
Club/Bar/Restaurant,10034,NEW YORK,MANHATTAN,40.865640127928,-73.9273803663988,"12"
Club/Bar/Restaurant,10033,NEW YORK,MANHATTAN,40.8489529256486,-73.9328745960261,"19"
Club/Bar/Restaurant,10011,NEW YORK,MANHATTAN,40.7428118020446,-73.9965788865602,"37"
Club/Bar/Restaurant,10009,NEW YORK,MANHATTAN,40.7211596562882,-73.9809735331265,"49"
Club/Bar/Restaurant,10013,NEW YORK,MANHATTAN,40.7192177660988,-74.0063095033654,"10"
Club/Bar/Restaurant,10028,NEW YORK,MANHATTAN,40.7763276724623,-73.9557883752247,"22"
Club/Bar/Restaurant,10002,NEW YORK,MANHATTAN,40.7228132554678,-73.9914497828868,"18"
Club/Bar/Restaurant,10034,NEW YORK,MANHATTAN,40.8707146755337,-73.9147632200591,"64"
Club/Bar/Restaurant,10016,NEW YORK,MANHATTAN,40.7436801325666,-73.979602969044,"11"
Club/Bar/Restaurant,10012,NEW YORK,MANHATTAN,40.7245070507544,-74.0029475548167,"13"
Club/Bar/Restaurant,10003,NEW YORK,MANHATTAN,40.732350617143,-73.9849465774212,"20"
Club/Bar/Restaurant,10011,NEW YORK,MANHATTAN,40.7428858136541,-74.0058281691409,"15"
Club/Bar/Restaurant,10009,NEW YORK,MANHATTAN,40.7234106468381,-73.9828092194318,"19"
Club/Bar/Restaurant,10018,NEW YORK,MANHATTAN,40.7566232654277,-73.9939612768582,"14"
Club/Bar/Restaurant,10023,NEW YORK,MANHATTAN,40.7791400069092,-73.982906764899,"13"
Club/Bar/Restaurant,10018,NEW YORK,MANHATTAN,40.7511357037224,-73.9850325630214,"12"
Club/Bar/Restaurant,10001,NEW YORK,MANHATTAN,40.7478755690522,-73.9910640076492,"22"
Club/Bar/Restaurant,10019,NEW YORK,MANHATTAN,40.7647355128949,-73.9822173499321,"14"
Club/Bar/Restaurant,10027,NEW YORK,MANHATTAN,40.8082393820056,-73.9525847262217,"12"
Club/Bar/Restaurant,10026,NEW YORK,MANHATTAN,40.8042826439404,-73.9554808390029,"16"
Club/Bar/Restaurant,10035,NEW YORK,MANHATTAN,40.8023047823536,-73.9452529908208,"12"
Club/Bar/Restaurant,10002,NEW YORK,MANHATTAN,40.7190002600215,-73.9860679116313,"12"
Club/Bar/Restaurant,10009,NEW YORK,MANHATTAN,40.7257293356062,-73.979002345371,"12"
Club/Bar/Restaurant,10031,NEW YORK,MANHATTAN,40.8237359981385,-73.9524038656119,"11"
Club/Bar/Restaurant,10040,NEW YORK,MANHATTAN,40.8575187487757,-73.9321971767886,"26"
Club/Bar/Restaurant,10019,NEW YORK,MANHATTAN,40.7636933398081,-73.988809307268,"15"
Club/Bar/Restaurant,10036,NEW YORK,MANHATTAN,40.761925843579,-73.9900983046558,"32"
Club/Bar/Restaurant,10031,NEW YORK,MANHATTAN,40.8246003208836,-73.9517709363981,"21"
Club/Bar/Restaurant,10030,NEW YORK,MANHATTAN,40.8156185820437,-73.9434826447248,"63"
Club/Bar/Restaurant,10025,NEW YORK,MANHATTAN,40.8001971795911,-73.968081811607,"30"
Club/Bar/Restaurant,10025,NEW YORK,MANHATTAN,40.8011722776532,-73.9614570576982,"13"
Club/Bar/Restaurant,10009,NEW YORK,MANHATTAN,40.724832208485,-73.9813765577569,"52"
Club/Bar/Restaurant,10034,NEW YORK,MANHATTAN,40.8673923215597,-73.9167813298271,"11"
Club/Bar/Restaurant,10003,NEW YORK,MANHATTAN,40.7249840952934,-73.988433380156,"13"
Club/Bar/Restaurant,10002,NEW YORK,MANHATTAN,40.7164726808904,-73.9892897976041,"28"
Club/Bar/Restaurant,10031,NEW YORK,MANHATTAN,40.82990966614,-73.9479114898459,"25"
Club/Bar/Restaurant,10003,NEW YORK,MANHATTAN,40.7341395127472,-73.9803997154837,"47"
Club/Bar/Restaurant,10023,NEW YORK,MANHATTAN,40.7733477912591,-73.9780630622211,"23"
Club/Bar/Restaurant,10024,NEW YORK,MANHATTAN,40.7835299939055,-73.9743404017726,"13"
Club/Bar/Restaurant,10014,NEW YORK,MANHATTAN,40.7297549809049,-74.0043441070791,"10"
Club/Bar/Restaurant,10014,NEW YORK,MANHATTAN,40.7332407789844,-74.0053113456271,"24"
Club/Bar/Restaurant,10033,NEW YORK,MANHATTAN,40.8481130669148,-73.9378092131695,"13"
Club/Bar/Restaurant,10021,NEW YORK,MANHATTAN,40.7682962888076,-73.9550716766973,"68"
Club/Bar/Restaurant,10075,NEW YORK,MANHATTAN,40.7724710623282,-73.9551338469575,"41"
Club/Bar/Restaurant,10034,NEW YORK,MANHATTAN,40.8692522462363,-73.9154339867317,"10"
Club/Bar/Restaurant,10009,NEW YORK,MANHATTAN,40.7300086974557,-73.9806390635221,"18"
Club/Bar/Restaurant,10009,NEW YORK,MANHATTAN,40.7272253458465,-73.9796585164341,"10"
Club/Bar/Restaurant,10010,NEW YORK,MANHATTAN,40.7416477948718,-73.9919164976479,"14"
Club/Bar/Restaurant,10040,NEW YORK,MANHATTAN,40.8557931437371,-73.9289852891549,"19"
Club/Bar/Restaurant,10019,NEW YORK,MANHATTAN,40.7671075289115,-73.9863141641846,"27"
Club/Bar/Restaurant,10032,NEW YORK,MANHATTAN,40.8388111804014,-73.9376769635674,"12"
Club/Bar/Restaurant,10019,NEW YORK,MANHATTAN,40.7620142863866,-73.9757168086987,"10"
Club/Bar/Restaurant,10033,NEW YORK,MANHATTAN,40.8469111135034,-73.9382332237976,"19"
Club/Bar/Restaurant,10034,NEW YORK,MANHATTAN,40.8673292196561,-73.9168175640785,"15"
Club/Bar/Restaurant,10032,NEW YORK,MANHATTAN,40.8413380599719,-73.9358566964047,"15"
Club/Bar/Restaurant,10001,NEW YORK,MANHATTAN,40.7488118022867,-73.995910895959,"18"
Club/Bar/Restaurant,10019,NEW YORK,MANHATTAN,40.7622359791146,-73.989863620126,"51"
Club/Bar/Restaurant,10003,NEW YORK,MANHATTAN,40.7289388747205,-73.9848571476672,"12"
Club/Bar/Restaurant,10007,NEW YORK,MANHATTAN,40.7146476777581,-74.0073623861679,"10"
Club/Bar/Restaurant,10002,NEW YORK,MANHATTAN,40.7194696505715,-73.9863744514856,"12"
Club/Bar/Restaurant,10024,NEW YORK,MANHATTAN,40.7839780906,-73.977730958814,"17"
Club/Bar/Restaurant,10009,NEW YORK,MANHATTAN,40.723586990296,-73.9882027280143,"11"
Club/Bar/Restaurant,10014,NEW YORK,MANHATTAN,40.7313579758418,-74.0023525132474,"69"
Club/Bar/Restaurant,10075,NEW YORK,MANHATTAN,40.7738356302214,-73.9562593883528,"19"
Club/Bar/Restaurant,10012,NEW YORK,MANHATTAN,40.7297029102095,-74.000725219967,"11"
Club/Bar/Restaurant,10003,NEW YORK,MANHATTAN,40.7274928080516,-73.9884834558806,"10"
Club/Bar/Restaurant,10009,NEW YORK,MANHATTAN,40.724429038213,-73.9833970239092,"11"
Club/Bar/Restaurant,10003,NEW YORK,MANHATTAN,40.7235815951091,-73.9891623846607,"102"
Club/Bar/Restaurant,10014,NEW YORK,MANHATTAN,40.7350853758031,-74.0002309344634,"15"
Club/Bar/Restaurant,10016,NEW YORK,MANHATTAN,40.7443835705812,-73.9846407147931,"44"
Club/Bar/Restaurant,10019,NEW YORK,MANHATTAN,40.7649448497944,-73.9878957748954,"10"
Club/Bar/Restaurant,10027,NEW YORK,MANHATTAN,40.8084473544212,-73.9449950752705,"12"
Club/Bar/Restaurant,10014,NEW YORK,MANHATTAN,40.7329828340208,-74.0037345254363,"11"
Club/Bar/Restaurant,10001,NEW YORK,MANHATTAN,40.7466077616932,-73.9957053196612,"14"
Club/Bar/Restaurant,10014,NEW YORK,MANHATTAN,40.7361884662215,-74.0083209951512,"12"
Club/Bar/Restaurant,10013,NEW YORK,MANHATTAN,40.7187649313766,-73.9946934154442,"10"
Club/Bar/Restaurant,10021,NEW YORK,MANHATTAN,40.7698989757997,-73.9544568550657,"13"
Club/Bar/Restaurant,10001,NEW YORK,MANHATTAN,40.7499233936585,-73.9951023770742,"16"
Club/Bar/Restaurant,10027,NEW YORK,MANHATTAN,40.8138570951346,-73.9447702342231,"12"
Club/Bar/Restaurant,10027,NEW YORK,MANHATTAN,40.8094776562127,-73.9535772498445,"48"
Club/Bar/Restaurant,10034,NEW YORK,MANHATTAN,40.8695897401013,-73.915292547126,"14"
Club/Bar/Restaurant,10009,NEW YORK,MANHATTAN,40.7281507213539,-73.9820178499971,"25"
Club/Bar/Restaurant,10029,NEW YORK,MANHATTAN,40.7959387595096,-73.94318875062,"161"
Club/Bar/Restaurant,10128,NEW YORK,MANHATTAN,40.7842370709766,-73.9470697435227,"12"
Club/Bar/Restaurant,10011,NEW YORK,MANHATTAN,40.7423589655891,-73.9991122487491,"21"
Club/Bar/Restaurant,10019,NEW YORK,MANHATTAN,40.7644425972005,-73.988235200676,"39"
Club/Bar/Restaurant,10036,NEW YORK,MANHATTAN,40.7605777378073,-73.9859039964244,"44"
Club/Bar/Restaurant,10027,NEW YORK,MANHATTAN,40.8067721458087,-73.9430855857591,"205"
Club/Bar/Restaurant,10001,NEW YORK,MANHATTAN,40.7475436481072,-73.9940631525993,"39"
Club/Bar/Restaurant,10028,NEW YORK,MANHATTAN,40.776719894692,-73.9550768251339,"22"
Club/Bar/Restaurant,10027,NEW YORK,MANHATTAN,40.8144257806785,-73.9592239878156,"44"
Club/Bar/Restaurant,10014,NEW YORK,MANHATTAN,40.7344513142197,-74.0023381891927,"88"
Club/Bar/Restaurant,10011,NEW YORK,MANHATTAN,40.7434951667805,-74.0054492977667,"67"
Club/Bar/Restaurant,10034,NEW YORK,MANHATTAN,40.8672717265864,-73.9209284880943,"10"
Club/Bar/Restaurant,10009,NEW YORK,MANHATTAN,40.7337799914974,-73.9806451843035,"10"
Club/Bar/Restaurant,10014,NEW YORK,MANHATTAN,40.741041351862,-74.0056114873819,"17"
Club/Bar/Restaurant,10013,NEW YORK,MANHATTAN,40.7229644884451,-74.0032613560337,"19"
Club/Bar/Restaurant,10021,NEW YORK,MANHATTAN,40.7695998959847,-73.9547025546569,"10"
Club/Bar/Restaurant,10003,NEW YORK,MANHATTAN,40.7367806075334,-73.9846280336117,"20"
Club/Bar/Restaurant,10022,NEW YORK,MANHATTAN,40.7560045035598,-73.9692760699829,"17"
Club/Bar/Restaurant,10014,NEW YORK,MANHATTAN,40.7335070893228,-74.0035036258247,"26"
Club/Bar/Restaurant,10009,NEW YORK,MANHATTAN,40.7282989172528,-73.9818843146143,"26"
Club/Bar/Restaurant,10022,NEW YORK,MANHATTAN,40.7574316369483,-73.968777292193,"10"
Club/Bar/Restaurant,10014,NEW YORK,MANHATTAN,40.7393751430147,-74.0080507493773,"13"
Club/Bar/Restaurant,10002,NEW YORK,MANHATTAN,40.7221625328935,-73.988928118086,"11"
Club/Bar/Restaurant,10031,NEW YORK,MANHATTAN,40.8213049064925,-73.9542012786804,"53"
Club/Bar/Restaurant,10017,NEW YORK,MANHATTAN,40.7551353618592,-73.9730411139518,"24"
Club/Bar/Restaurant,10009,NEW YORK,MANHATTAN,40.7236390471327,-73.9873224323673,"10"
Club/Bar/Restaurant,10002,NEW YORK,MANHATTAN,40.7197965098613,-73.988510038443,"31"
Club/Bar/Restaurant,10012,NEW YORK,MANHATTAN,40.727089594486,-73.991546648004,"13"
Club/Bar/Restaurant,10031,NEW YORK,MANHATTAN,40.8247045989064,-73.9517202758603,"29"
Club/Bar/Restaurant,10014,NEW YORK,MANHATTAN,40.733710234204,-74.0021577493618,"19"
Club/Bar/Restaurant,10002,NEW YORK,MANHATTAN,40.722514121241,-73.9920703405666,"55"
Club/Bar/Restaurant,10001,NEW YORK,MANHATTAN,40.7540214040903,-73.9995668747924,"38"
Club/Bar/Restaurant,10013,NEW YORK,MANHATTAN,40.7226405988987,-74.0035355236506,"32"
Club/Bar/Restaurant,10019,NEW YORK,MANHATTAN,40.7622861503029,-73.9763628682092,"29"
Club/Bar/Restaurant,10019,NEW YORK,MANHATTAN,40.7638579338986,-73.9879140219765,"38"
Club/Bar/Restaurant,10002,NEW YORK,MANHATTAN,40.7195490540794,-73.9848195984871,"15"
Club/Bar/Restaurant,10016,NEW YORK,MANHATTAN,40.7436267713705,-73.9736376162957,"19"
Club/Bar/Restaurant,10031,NEW YORK,MANHATTAN,40.8264106602415,-73.9431699606824,"24"
Club/Bar/Restaurant,10036,NEW YORK,MANHATTAN,40.7612591540983,-73.9942712966824,"20"
Club/Bar/Restaurant,10001,NEW YORK,MANHATTAN,40.7464483303366,-73.9914684033306,"22"
Club/Bar/Restaurant,10002,NEW YORK,MANHATTAN,40.7183877324243,-73.9827708330719,"128"
Club/Bar/Restaurant,10033,NEW YORK,MANHATTAN,40.848977663722,-73.9329360180768,"17"
Club/Bar/Restaurant,10034,NEW YORK,MANHATTAN,40.86232546663,-73.9204716163044,"10"
Club/Bar/Restaurant,10026,NEW YORK,MANHATTAN,40.8001591488586,-73.9468403703952,"37"
Club/Bar/Restaurant,10002,NEW YORK,MANHATTAN,40.7196019984616,-73.993098828173,"23"
Club/Bar/Restaurant,10002,NEW YORK,MANHATTAN,40.721012286234,-73.9870776159743,"11"
Club/Bar/Restaurant,10075,NEW YORK,MANHATTAN,40.7715767353499,-73.9563258579349,"16"
Club/Bar/Restaurant,10003,NEW YORK,MANHATTAN,40.7264252406091,-73.9900133823847,"23"
Club/Bar/Restaurant,10003,NEW YORK,MANHATTAN,40.7272624034772,-73.9901539660982,"17"
Club/Bar/Restaurant,10012,NEW YORK,MANHATTAN,40.7214410873836,-73.9950503559743,"10"
Club/Bar/Restaurant,10031,NEW YORK,MANHATTAN,40.820971164132,-73.9570955281598,"44"
Club/Bar/Restaurant,10033,NEW YORK,MANHATTAN,40.8512759294297,-73.9396208127391,"19"
Club/Bar/Restaurant,10009,NEW YORK,MANHATTAN,40.7251307189969,-73.9776243497583,"11"
Club/Bar/Restaurant,10022,NEW YORK,MANHATTAN,40.7573794397117,-73.9686040578317,"18"
Club/Bar/Restaurant,10025,NEW YORK,MANHATTAN,40.8019072356123,-73.9684132931877,"12"
Club/Bar/Restaurant,10033,NEW YORK,MANHATTAN,40.8439949141033,-73.9358143777115,"10"
Club/Bar/Restaurant,10036,NEW YORK,MANHATTAN,40.7605287338389,-73.9896942226583,"16"
Club/Bar/Restaurant,10002,NEW YORK,MANHATTAN,40.7226321727252,-73.9924707786398,"13"
Club/Bar/Restaurant,10065,NEW YORK,MANHATTAN,40.7617245940218,-73.9604222153869,"18"
Club/Bar/Restaurant,10036,NEW YORK,MANHATTAN,40.7612974108852,-73.9915206478678,"11"
Club/Bar/Restaurant,10023,NEW YORK,MANHATTAN,40.771498585798,-73.9824285531446,"23"
Club/Bar/Restaurant,10012,NEW YORK,MANHATTAN,40.7257723841971,-74.0029331793953,"15"
Club/Bar/Restaurant,10019,NEW YORK,MANHATTAN,40.7643328824434,-73.988993306525,"14"
Club/Bar/Restaurant,10030,NEW YORK,MANHATTAN,40.8143180345042,-73.9444085869486,"11"
Club/Bar/Restaurant,10003,NEW YORK,MANHATTAN,40.723586990296,-73.9882027280143,"11"
Club/Bar/Restaurant,10010,NEW YORK,MANHATTAN,40.7409945662153,-73.9922377486237,"12"
Club/Bar/Restaurant,10014,NEW YORK,MANHATTAN,40.7381456499796,-74.0053766899196,"22"
Club/Bar/Restaurant,10029,NEW YORK,MANHATTAN,40.7903913645133,-73.9425940003677,"15"
Club/Bar/Restaurant,10012,NEW YORK,MANHATTAN,40.7243369036902,-74.0015044396821,"13"
Club/Bar/Restaurant,10003,NEW YORK,MANHATTAN,40.7246823637757,-73.9905331649952,"19"
Club/Bar/Restaurant,10012,NEW YORK,MANHATTAN,40.7249516266428,-73.9949093909513,"13"
Club/Bar/Restaurant,10003,NEW YORK,MANHATTAN,40.7281792140691,-73.990907897844,"20"
Club/Bar/Restaurant,10009,NEW YORK,MANHATTAN,40.7343865072516,-73.9802047939148,"11"
Club/Bar/Restaurant,10007,NEW YORK,MANHATTAN,40.715218362485,-74.0103023787137,"13"
Club/Bar/Restaurant,10001,NEW YORK,MANHATTAN,40.7492966609388,-73.984563790506,"13"
Club/Bar/Restaurant,10011,NEW YORK,MANHATTAN,40.7417797960538,-73.997347595539,"34"
Club/Bar/Restaurant,10016,NEW YORK,MANHATTAN,40.7500501543728,-73.9767497809308,"10"
Club/Bar/Restaurant,10012,NEW YORK,MANHATTAN,40.7248280977507,-73.9945846987815,"16"
Club/Bar/Restaurant,10036,NEW YORK,MANHATTAN,40.7575591412617,-73.9925570698901,"21"
Club/Bar/Restaurant,10011,NEW YORK,MANHATTAN,40.7390982005021,-74.0009562706025,"16"
Club/Bar/Restaurant,10027,NEW YORK,MANHATTAN,40.8198243566309,-73.9584186058349,"23"
Club/Bar/Restaurant,10019,NEW YORK,MANHATTAN,40.7623053723811,-73.9764061792969,"12"
Club/Bar/Restaurant,10013,NEW YORK,MANHATTAN,40.7192426034484,-73.9970274255534,"14"
Club/Bar/Restaurant,10028,NEW YORK,MANHATTAN,40.7754951030681,-73.9534673500435,"11"
Club/Bar/Restaurant,10009,NEW YORK,MANHATTAN,40.7262038553958,-73.9772992811202,"16"
Club/Bar/Restaurant,10013,NEW YORK,MANHATTAN,40.7228025437553,-74.0033984401752,"17"
Club/Bar/Restaurant,10002,NEW YORK,MANHATTAN,40.7226019739747,-73.9923733748234,"11"
Club/Bar/Restaurant,10009,NEW YORK,MANHATTAN,40.7289086104543,-73.984319560073,"18"
Club/Bar/Restaurant,10012,NEW YORK,MANHATTAN,40.7212461878948,-73.9945705594205,"18"
Club/Bar/Restaurant,10002,NEW YORK,MANHATTAN,40.720460604215,-73.9872075950737,"10"
Club/Bar/Restaurant,10016,NEW YORK,MANHATTAN,40.7444672033963,-73.9761057434791,"19"
Club/Bar/Restaurant,10035,NEW YORK,MANHATTAN,40.7993428174002,-73.9389816696085,"12"
Club/Bar/Restaurant,10033,NEW YORK,MANHATTAN,40.8523930330225,-73.9346025731861,"12"
Club/Bar/Restaurant,10065,NEW YORK,MANHATTAN,40.7619088840333,-73.9615808531283,"30"
Club/Bar/Restaurant,10034,NEW YORK,MANHATTAN,40.8661385176338,-73.9255829369018,"27"
Club/Bar/Restaurant,10009,NEW YORK,MANHATTAN,40.7236775595141,-73.9881269495811,"24"
Club/Bar/Restaurant,10002,NEW YORK,MANHATTAN,40.7152377396415,-73.9917285149724,"11"
Club/Bar/Restaurant,10014,NEW YORK,MANHATTAN,40.7301035469443,-74.0047951399565,"15"
Club/Bar/Restaurant,10025,NEW YORK,MANHATTAN,40.8001422830569,-73.9680746141741,"22"
Club/Bar/Restaurant,10031,NEW YORK,MANHATTAN,40.8210151158646,-73.9571930511148,"10"
Club/Bar/Restaurant,10036,NEW YORK,MANHATTAN,40.7636087579928,-73.9970290553551,"12"
Club/Bar/Restaurant,10029,NEW YORK,MANHATTAN,40.7959112766037,-73.9431165410999,"10"
Club/Bar/Restaurant,10032,NEW YORK,MANHATTAN,40.8336750474391,-73.9414291803263,"14"
Club/Bar/Restaurant,10002,NEW YORK,MANHATTAN,40.7217923366759,-73.9934521492293,"10"
Club/Bar/Restaurant,10014,NEW YORK,MANHATTAN,40.7394026580548,-74.0070186974451,"22"
Club/Bar/Restaurant,10034,NEW YORK,MANHATTAN,40.8708682526762,-73.9145930843151,"25"
Club/Bar/Restaurant,10019,NEW YORK,MANHATTAN,40.7611815202206,-73.9854129406335,"10"
Club/Bar/Restaurant,10128,NEW YORK,MANHATTAN,40.7792364356075,-73.9476658805457,"26"
Club/Bar/Restaurant,10011,NEW YORK,MANHATTAN,40.7357194125541,-74.0005881668082,"19"
Club/Bar/Restaurant,10009,NEW YORK,MANHATTAN,40.7225080687457,-73.9861249010478,"10"
Club/Bar/Restaurant,10034,NEW YORK,MANHATTAN,40.8694031115672,-73.9153072474298,"22"
Club/Bar/Restaurant,10014,NEW YORK,MANHATTAN,40.733943528214,-74.0026412676637,"14"
Club/Bar/Restaurant,10012,NEW YORK,MANHATTAN,40.7298593620348,-74.0005917231534,"17"
